Suburb,Place_id,commercial.shopping_mall,catering,education,entertainment,healthcare,public_transport,office,natural,total
Abbotsford,511d4f159df61f6240593efc4685fbe642c0f00101f901335d240000000000c00205,1,20,4,6,4,20,20,6,81
Aberfeldie,5104c2f3f7b71c62405947b30d373be142c0f00101f901fc9a240000000000c00205,0,6,4,1,0,0,0,2,13
Aintree,51c04b5fbe6b15624059133b641415dc42c0f00101f9015ef86f0000000000c00205,0,1,2,0,0,19,0,10,32
Aireys inlet,5161a5828a6a03624059056ad6be253b43c0f00101f9013fb0290000000000c00207,0,6,1,0,1,4,0,20,32
Airport west,5195e6a095451c624059cba4e1ef72dc42c0f00101f9015ba3240000000000c00205,1,8,3,1,4,20,0,1,38
Albanvale,5109eef60f9818624059830fcaa07fdf42c0f00101f901e0fb240000000000c00205,2,1,1,0,0,0,0,0,4
Albert park,5188ee62c6c81e6240595df92ccf83ec42c0f00101f9011b7d3b0000000000c00205920314416c62657274205061726b204469737472696374,4,20,20,20,20,20,20,20,144
Albion,5189168f411d1a6240591ce1fe6d60e342c0f00101f901e8f2240000000000c00205,0,5,2,0,0,5,1,3,16
Alexandra,51107a36abbe36624059d76a0f7ba19842c0f00101f9010199260000000000c00207,0,7,4,2,0,0,0,20,33
Alfredton,51e58a411698f9614059ad156d8e73c742c0f00101f90198cb2f0000000000c00205,0,3,3,0,1,0,3,20,30
Allansford,51e2e0777834d3614059d3cfe5176f3143c0f00101f9011735300000000000c00207,0,1,1,0,0,0,0,20,22
Alphington,51b44016fdfc206240598be9f81ee4e342c0f00101f9018c59240000000000c00205,0,5,3,0,1,20,4,20,53
Altona,5107b5dfda091a6240593f0345871bee42c0f00101f90144d9240000000000c00205,0,20,5,0,8,11,11,20,75
Altona east,51e869c020691b6240591ec4ce143aeb42c0c0020592030b416c746f6e612045617374e2032277686f736f6e66697273743a6e65696768626f7572686f6f643a3835373737383839,3,20,20,18,20,20,20,20,141
Altona meadows,5157a4d3041b196240597ce99216d3f042c0f00101f9014dd9240000000000c00205,1,8,4,0,0,4,0,20,37
Altona north,5113e11577b21a62405981abe1c73deb42c0f00101f90140d9240000000000c00205,1,20,5,3,6,20,15,16,86
Anglesea,512acaa5f10b066240592f41576cdd3343c0f00101f90140b0290000000000c00207,0,9,1,0,0,5,1,20,36
Apollo bay,51a95780a569f56140593fec3b759b6043c0f00101f901c7c7290000000000c00207,0,20,1,3,0,5,3,20,52
Ararat,5111ffb0a5c7dd614059eaa6de6465a442c0f00101f901001a300000000000c00207,0,14,10,5,1,16,1,20,67
Ardeer,51cc8d3397a5196240593cc159a54fe342c0f00101f901eaf2240000000000c00205,0,0,2,0,0,0,0,0,2
Armadale,51d09a1f7fa920624059bb7aba5faaed42c0f00101f901328e240000000000c00205,1,9,5,2,1,20,7,1,46
Armstrong creek,512f0d0dd5de0b62405928b27b97f71d43c0f00101f9010f6d330000000000c00205,3,10,4,1,2,15,2,20,57
Ascot (greater bendigo),5167b4fa8f710a624059e80e07ae975a42c0f00103f9014754c52601000000c002089203054173636f74,1,7,4,1,6,20,0,20,59
Ascot vale,51c6c210393d1d624059e975d54d73e342c0f00101f9019397240000000000c00205,0,20,7,0,3,20,2,8,60
Ashburton,51018b57b494226240596e75ef9705ef42c0f00101f901de8d240000000000c00205,0,20,4,0,8,4,3,4,43
Ashwood,51a1f07e814523624059f12dac1befee42c0f00101f901e88d240000000000c00205,0,3,4,0,1,2,0,1,11
Aspendale,51e5a2b5fd4623624059317898f6cd0243c0f00101f90199f3240000000000c00205,0,14,4,0,2,17,1,20,58
Aspendale gardens,511618b2bad5236240599367a89bd50243c0f00101f90197f3240000000000c00205,1,6,1,0,5,17,1,20,51
Attwood,5124ef1cca501c62405957f9afbd60d542c0f00101f901ada8240000000000c00205,0,0,0,0,0,1,1,19,21
Avenel,51b8eb00e374276240591a4e999b6f7342c0f00103f9018422301e00000000c002079203064176656e656c,0,4,1,0,0,3,1,20,29
Avoca,51983446eb28ef614059455a74fc618b42c0f00101f9017b3a2f0000000000c00207,0,2,1,2,0,1,0,20,26
Avondale heights,514ef1b8a8961b6240598775995077e142c0f00101f901a3a8240000000000c00205,0,10,3,0,5,20,3,3,44
Avonsleigh,517d355195002f6240590b7fe1f0ddf542c0f00101f901eb1e250000000000c00208,0,0,0,0,0,0,0,10,10
Axedale,519251afa511106240590cfa1c69ba6442c0f00101f901a6352a0000000000c00208,0,2,1,0,0,0,0,20,23
Bacchus marsh,51bcf8eccaf80d6240594b0cb89d6cd642c0f00101f901b777250000000000c00207,3,20,4,2,6,4,10,20,69
Badger creek,51058fcaa80d31624059aae27ca0cbd942c0f00101f901ab18250000000000c00208,0,2,1,2,0,1,0,20,26
Bairnsdale,510d9e53da2c7462405915fa0560a8e942c0f00101f9010f58280000000000c00207,0,20,12,4,2,1,5,20,64
Balaclava,51469feaebd41f6240599632bacd65ef42c0f00101f901aa95240000000000c00205,0,15,0,0,0,10,1,0,26
Balcombe,51f11d132fba20624059adbb1ef1d02143c0f00101f90166508d0000000000c0020592031f42616c636f6d626520437265656b20427573686c616e642052657365727665,2,20,5,1,11,20,1,20,80
Ballan,511a0577564107624059ed647094bccc42c0f00103f901f68c6a0a00000000c0020892030642616c6c616e,0,13,2,0,0,3,0,20,38
Ballarat central,518cd4207134fb614059fc85c37707c842c0f00101f90148b72f0000000000c00205,1,20,8,4,6,16,20,3,78
Ballarat east,5191706b1cfbfb6140593d8f9b2b94c742c0f00103f901d15467a300000000c0020592030d42616c6c617261742045617374,1,20,20,16,10,20,20,20,127
Ballarat north,517857b9daabfb61405960ab048bc3c442c0f00101f901deb62f0000000000c00206,0,3,1,0,0,4,0,3,11
Balnarring,515f950b95bf2362405941118b18762f43c0f00101f9017167250000000000c00205,0,7,1,0,0,1,0,20,29
Balnarring beach,510656c49fd7236240592ccb21f3123243c0f00101f9017f67250000000000c00205,0,0,0,0,0,0,0,5,5
Balwyn,5143d1f2f2aa226240594424f90093e742c0f00101f9016760240000000000c00205,0,20,5,1,6,20,4,3,59
Balwyn north,5169633612b222624059118134ad5ee542c0f00101f901cd5f240000000000c00205,0,20,9,0,12,20,20,20,101
Bandiana,5161f5ec5e935d624059bb7b80eecb1242c0f00103f901d15609ce00000000c0020892030842616e6469616e61,1,20,14,4,7,20,5,20,91
Bannockburn,5107abfb119005624059b38300cfac0543c0f00101f90115932f0000000000c00207,1,8,3,0,2,3,0,20,37
Baranduda,519f7422c1545e624059840d4faf941742c0f00103f90188e3ba0e00000000c00207920309426172616e64756461,0,0,3,1,0,9,0,20,33
Barnawartha,51409072e68d55624059073cd5c67d0d42c0f00101f9011b82270000000000c00207,0,2,1,0,0,0,0,20,23
Barwon heads,51d800b6cd9e0f624059eab303ae2b2343c0f00101f901527a250000000000c00207,0,11,1,0,0,2,1,20,35
Baxter,5180e37cfb04256240596b5e7aa0ba1943c0f00101f9016c25250000000000c00205,0,11,1,0,0,4,0,20,36
Bayswater,5146faf9168f286240598768194e3eec42c0f00101f90119573b0000000000c00205920312426179737761746572204469737472696374,4,20,20,6,20,20,14,20,124
Bayswater north,51654bfb8b052962405911f9d3ebbbe942c0f00101f90168a9240000000000c00205,1,13,1,0,1,20,1,7,44
Beaconsfield,5125f213bd422c624059673744262a0543c0f00101f9012717250000000000c00205,1,10,3,0,3,11,2,19,49
Beaconsfield upper,513b3b74d5972d624059541a31b3cfff42c0f00101f901d60f250000000000c00205,0,6,1,0,0,0,0,20,27
Beaufort,51b156485443ec614059961ef23bf2b642c0f00101f901ed03300000000000c00207,0,11,3,0,0,6,2,20,42
Beaumaris,51cecfc3bf3e21624059b95d1e21b9fd42c0f00101f90112c9240000000000c00205,0,11,6,0,4,17,0,20,58
Beeac,51f26d0be077f461405942453069e71843c0f00101f90113e42f0000000000c00207,0,1,1,0,0,0,0,20,22
Beechworth,51b5fe9600fc55624059755204dd032e42c0f00101f901976a270000000000c00207,0,16,4,5,1,1,3,20,50
Belgrave,51bba58b035e2b6240596f0f4240bef442c0f00101f901f0fc240000000000c00205,0,20,4,1,3,20,10,20,78
Belgrave heights,51aa44d95b4a2b6240595e899bae82f642c0f00101f901f5fc240000000000c00205,0,0,0,1,2,0,1,11,15
Belgrave south,517703bb506f2b6240596c1679a3a0f842c0f00101f901f9fc240000000000c00205,0,2,1,0,0,1,1,20,25
Bell park,51b1868bdcd30a624059f2ae1f07ca0d43c0f00101f9018f7a250000000000c00205,0,12,4,0,5,8,3,1,33
Bell post hill,51cc84baa35a0a6240593c889d29740c43c0f00101f901907a250000000000c00205,0,1,3,2,0,8,0,10,24
Bellfield (banyule),5147b30d373b21624059d8f335cb65e042c0f00101f9015659240000000000c00205,0,0,1,0,3,9,0,0,13
Belmont,51818b5fc2f20a62405995deed30dc1643c0f00101f901498c250000000000c00205,2,20,8,1,15,20,7,20,93
Benalla,51da4d9594a03f624059e9b985ae444642c0f00103f9010c2a870100000000c0020792030742656e616c6c61,0,8,10,7,0,5,0,20,50
Bendigo,516952af000b09624059241928df226142c0f00103f9017ac4d70100000000c0020792030742656e6469676f,2,20,20,12,20,20,20,20,134
Bentleigh,5143531b414f21624059d9452cbd91f542c0f00101f901699d240000000000c00205,0,13,5,0,4,20,6,0,48
Bentleigh east,51871e8c33212262405998e02fc104f642c0f00101f901409f240000000000c00205,0,20,8,0,20,20,14,20,102
Berwick,510234000a242b624059ea29cd412b0543c0f00101f901db0f250000000000c00205,4,20,20,3,20,20,10,20,117
Beveridge,511449aaa52f1f624059821f306a52bc42c0f00101f90119c9240000000000c00205,0,2,3,1,0,9,0,20,35
Birchip,514ea214634fdd614059c89f0326cbfd41c0f00101f901475e2f0000000000c00207,0,1,1,1,1,2,1,20,27
Birregurra,51c6b3154519f9614059b7c4db943c2b43c0f00101f90199cb2f0000000000c00207,0,3,1,0,1,4,0,11,20
Bittern,515744a8adac2562405926659cd0352b43c0f00101f9012659250000000000c00205,0,1,1,0,1,1,0,16,20
Black hill,51bbaafde7fafb6140599468c9e369c642c0f00103f901c485dc3800000000c0020592030a426c61636b2048696c6c,3,20,20,16,11,20,20,20,130
Black rock,51951f0258ae2062405999d30a783efc42c0f00101f90145b7240000000000c00205,0,9,2,0,2,19,0,20,52
Blackburn,51e7feea71df24624059014cbe7e2de942c0f00101f9010678240000000000c00205,1,20,6,1,4,20,16,7,75
Blackburn north,519d9fe238f024624059b32cf3b116e742c0f00101f9010378240000000000c00205,0,2,3,1,1,15,0,3,25
Blackburn south,518a4457d8c22462405976ea80da5eeb42c0f00101f901f48d240000000000c00205,0,7,3,0,0,20,1,1,32
Blackwood,5181374998ce096240599cf7a4b84fbc42c0f00103f901791b9b7f00000000c00208920309426c61636b776f6f64,0,5,0,0,0,0,0,20,25
Blairgowrie,51b5d7cc6bb618624059390a1005332f43c0f00101f9012668250000000000c00205,0,0,0,0,0,10,0,10,20
Blind bight,51ab2924f4ce2a6240598d5da27a6b1b43c0f00101f901e922340000000000c00208,0,0,0,0,0,0,0,10,10
Bonbeach,517bf7c77b15246240592009fb76120843c0f00101f901fffc240000000000c00205,0,0,1,0,0,1,1,20,23
Bonnie brook,5115f99a8a7915624059bcd86ac5edd842c0f00101f9013ef96f0000000000c00205,0,4,0,0,0,0,0,10,14
Bonnie doon,51d4a0c3d7723b6240595cfc12961d8342c0f00103f9018b9fe90300000000c0020792030b426f6e6e696520446f6f6e,0,2,0,0,0,1,0,20,23
Bonshaw,51be0e417a2ffa614059b6172c30bfcd42c0f00103f9019006ba4401000000c00207920307426f6e73686177,1,20,18,3,2,19,3,20,86
Boolarra,51c1406bd9b548624059a8041fdece3043c0f00101f901f908290000000000c00208,0,2,1,1,0,0,0,20,24
Boort,51214322c81cf7614059f627f1b9130f42c0f00101f90116412f0000000000c00207,0,3,1,1,0,2,1,20,28
Boronia,51c9d8bfa126296240594bf619619bed42c0f00101f9010bc8240000000000c00205,1,20,6,3,11,20,3,15,79
Botanic ridge,51c4c19437362862405959ada7b1181243c0f00101f901ed1e250000000000c00205,1,3,1,0,2,0,0,20,27
Box hill,51785e2a36f62362405945532c6d27e842c0f00101f901fb8f3b0000000000c00205920311426f782048696c6c204469737472696374,5,20,20,5,20,20,20,20,130
Box hill north,51580c0d7a25246240594fb8b29f20e742c0f00101f9018b60240000000000c00205,1,5,4,1,5,5,0,1,22
Box hill south,51b4efe599f223624059e9876c7b16eb42c0f00101f9010778240000000000c00205,1,3,3,0,1,13,1,3,25
Braybrook,51ab741ce45a1b624059e0c1aad5b2e442c0f00101f901f1ac240000000000c00205,4,12,6,0,4,17,3,1,47
Breakwater,514ba07719f40b6240594a50b28b581743c0f00101f901917a250000000000c00205,0,1,0,0,0,2,0,5,8
Briagolong,519a2ab2b8b962624059b6f97fd591e742c0f00101f90133d9270000000000c00206,0,3,1,0,0,0,0,20,24
Briar hill,511104238ae423624059d0ae8c576ada42c0f00101f901da5f240000000000c00205,0,2,2,0,0,15,0,0,19
Bridgewater on loddon,514c93ad8920fe614059f1193f43ee4c42c0f00101f901f0252f0000000000c00207,0,3,1,0,0,2,0,2,8
Bright,51c89cc2a5be5e6240592c45f295405d42c0f00101f901986a270000000000c00208,0,20,2,4,3,2,4,20,55
Brighton,515cfc1296dd1f624059fdace8c53ff442c0f00101f9019b9f240000000000c00205,3,20,9,2,7,20,15,20,96
Brighton east,5135689e128620624059f06316eb65f542c0f00101f9019b9d240000000000c00205,0,7,9,4,5,20,5,20,70
Broadford,5192b64ce19c21624059e93ea5efda9942c0f00103f901dfe8970300000000c0020792030942726f6164666f7264,0,4,3,0,1,1,0,20,29
Broadmeadows,51a2de0cc9151e62405915e3fc4d28d642c0f00101f901fe783b0000000000c0020592031542726f61646d6561646f7773204469737472696374,7,20,20,1,13,20,5,20,106
Brookfield,51ee693d324c116240590a29e4ef83d942c0f00101f901c93a250000000000c00205,0,0,1,0,0,5,0,16,22
Brooklyn,510f4d8f5ced1a624059b2cc6ca175e842c0f00101f90133d9240000000000c00205,0,3,1,0,0,8,1,1,14
Brown hill,51368474c2d5fc61405934c97eccbdc642c0f00103f901d0cddc3800000000c0020592030a42726f776e2048696c6c,1,20,20,12,5,20,20,20,118
Brunswick,51db79d10dc31e62405975e8f4bc1be242c0f00101f901735d240000000000c00205,2,20,12,13,20,20,20,3,110
Brunswick east,51e36bcf2c491f6240595ec598aa6ae242c0f00101f9014d5d240000000000c00205,0,20,6,3,4,20,13,5,71
Brunswick west,517164d46b291e624059e578aae8b4e142c0f00101f9019263240000000000c00205,0,20,4,1,16,20,5,3,69
Bruthen,51e10621c5a57a6240594b636a0190da42c0f00103f901e34a957400000000c002089203074272757468656e,0,6,1,0,0,0,0,20,27
Bulleen,519807fa55ca22624059d5f5fa496be242c0f00101f901f257240000000000c00205,1,10,3,4,3,20,0,20,61
Bundalong,51de488f954e45624059b4ffa61c380442c0f00103f901dd1f686400000000c0020892030942756e64616c6f6e67,0,2,0,0,0,0,0,20,22
Bundoora,51089574c11e226240597408c14f41d942c0f00101f90167203a0000000000c0020592031142756e646f6f7261204469737472696374,14,20,20,11,20,20,16,20,141
Buninyong,5193d7947549fc6140596a1327f73bd342c0f00101f901b6ac2f0000000000c00207,0,2,1,0,0,2,0,20,25
Bunyip,51b3a6689b11376240593953d7906e0c43c0f00101f901eb6b250000000000c00207,0,2,2,0,1,2,0,20,27
Burnley,51fef6d0998f206240593a2aedc330ea42c0f00101f901d961240000000000c00205,0,1,3,0,0,5,0,20,29
Burnside,51294014cc1818624059823cbb7cebdf42c0f00101f9013efc240000000000c00205,1,2,1,0,1,15,0,1,21
Burnside heights,51f56ff2b62d18624059622d3e05c0dd42c0f00101f90143fc240000000000c00205,0,0,1,0,0,9,0,3,13
Burwood,51ad31e884902362405957b3cef8beec42c0f00101f9010978240000000000c00205,0,20,9,7,2,20,8,10,76
Burwood east,511e32e543d024624059024a438d42ed42c0f00101f9019a8e240000000000c00205,3,20,5,1,2,20,7,3,61
Cairnlea,51fccee5bc3519624059706bc14131e142c0f00101f9019cf3240000000000c00205,1,10,2,0,6,7,4,19,49
California gully,51fe3dc27a6d086240593b545392755d42c0f00103f901aeae697a00000000c0020592031043616c69666f726e69612047756c6c79,2,20,20,11,20,20,20,20,133
Camberwell,51a97c19d65e22624059e8b68ebb52eb42c0f00101f901f95f240000000000c00205,2,20,8,2,20,20,10,2,84
Campbellfield,51865968e7b41e62405946a68d3402d542c0f00101f901cb8d240000000000c00205,2,20,1,0,5,11,3,7,49
Campbells creek,51d68052fe7f06624059e2e423ce2f8c42c0f00103f901855b2a1300000000c0020792030f43616d7062656c6c7320437265656b,0,19,11,4,3,15,3,20,75
Camperdown,510eb44cd0b0e4614059bffd6fdbad1d43c0f00103f90139115c0700000000c0020792030a43616d706572646f776e,0,7,4,0,2,2,0,20,35
Canadian,51f21e0ce13dfc6140599290ed2186ca42c0f00103f901e6d9e63800000000c0020592030843616e616469616e,1,20,20,12,9,20,20,20,122
Canterbury,51301812e66c226240595750622184e942c0f00101f901f65f240000000000c00205,0,11,9,1,2,15,3,0,41
Cape paterson,5173ce99feb63362405980057af2fa5543c0f00101f901a376280000000000c00208,0,1,0,0,0,1,1,20,23
Cape schanck,5143ba8e27b81c62405912499979173b43c0f00101f9015568250000000000c00208,0,0,0,0,0,0,0,20,20
Capel sound,514bd0baa1041c6240590f9df930d62f43c0f00101f9018e67250000000000c00205,0,8,2,0,4,0,1,3,18
Cardigan,516a8edcb1d8f7614059ec6e9eea90c442c0f00101f90141d62f0000000000c00206,0,0,0,0,0,0,0,20,20
Carisbrook,513d3723390ffa614059f0de5163428642c0f00103f901be9e121100000000c0020892030a436172697362726f6f6b,0,0,1,0,0,0,0,14,15
Carlton,5164daed69fd1e624059837c1a4174e642c0f00101f901785d240000000000c00205,0,20,16,9,15,20,20,9,109
Carlton north,51b02770a1211f62405940a6b5696ce442c0f00101f901765d240000000000c00205,0,20,2,0,7,20,6,6,61
Carnegie,51f5bc1b0bca21624059fc500e0b5af242c0f00101f9010595240000000000c00205,1,20,5,0,10,20,16,0,72
Caroline springs,5116d396849517624059ffdce1c0f5dd42c0f00101f901ac00250000000000c00205,3,20,12,0,9,20,2,20,86
Carrum,51291202a81824624059b25eb12bd20943c0f00101f901c300250000000000c00205,0,6,1,0,4,15,0,4,30
Carrum downs,5146048827a025624059feb04a8ee00b43c0f00101f9011401250000000000c00205,4,20,8,3,12,20,4,20,91
Casterton,51e7bc10bcebac61405970eb6e9eeaca42c0f00101f9011e78300000000000c00207,0,2,3,1,0,0,0,20,26
Castlemaine,517ea026440a076240597c743458828842c0f00101f9019b242a0000000000c00207,0,18,8,4,3,11,3,20,67
Caulfield,5148189707b820624059e6b33c0feef042c0f00101f9014cad3b0000000000c002059203124361756c6669656c64204469737472696374,1,20,20,2,20,20,20,6,109
Caulfield north,512b51f696b2206240597638ba4a77ef42c0f00101f9019e8e240000000000c00205,0,14,5,0,2,20,4,1,46
Caulfield south,51a6a3d23ecc20624059c861307f85f242c0f00101f901eb98240000000000c00205,0,14,4,0,4,20,4,0,46
Chadstone,5159147651342362405986353a8ceef042c0f00101f9016b90240000000000c00205,1,13,4,0,2,3,1,3,27
Charlemont,5100901326cc0b624059022b8716d91a43c0f00101f9012b6c330000000000c00205,0,1,1,0,0,2,0,12,16
Charlton,512623c21a42eb61405975b0fecf612242c0f00101f9017a4e2f0000000000c00207,0,4,3,2,2,1,0,20,32
Chelsea,512dd0ee90e223624059a62c9ed55d0643c0f00101f9018afb240000000000c00205,1,20,3,0,16,9,16,0,65
Chelsea heights,51bceb6cc83f2462405916399f950f0543c0f00101f90189fb240000000000c00205,0,11,1,0,2,20,0,9,43
Cheltenham,519f10f05af821624059eeefc74851fb42c0f00101f901f6ac240000000000c00205,1,20,8,1,19,20,17,20,106
Cheltenham east,517635e75f33226240598f53742497fb42c0f00102f901f6dde70a00000000c0020192031e4368656c74656e68616d2045617374205072696d617279205363686f6f6c,9,20,20,7,20,20,20,20,136
Cheltenham north,510c9df12828226240597a41fadcbffa42c0f00102f90132eae70a00000000c0020192031b4e6f727468204368656c74656e68616d20507265205363686f6f6c,9,20,20,7,20,20,20,20,136
Chewton,51e766c92d3708624059912518737c8a42c0f00103f901ae5d4e0d00000000c0020792030743686577746f6e,0,19,11,4,2,14,3,20,73
Chiltern,5175a5af317953624059ca92ef085d1342c0f00101f901267c270000000000c00207,0,2,3,2,1,2,0,20,30
Chirnside park,514f01d5e40e2a624059bfee74e789de42c0f00101f901f7ac240000000000c00205,4,12,2,4,2,20,1,20,65
Churchill,51dc25169d914d6240594ac33a9f4b2843c0f00101f9011d17290000000000c00207,0,3,7,0,2,0,0,7,19
Clarinda,51793650856423624059d80638ceb7f842c0f00101f90192a5240000000000c00205,1,3,4,0,5,18,1,20,52
Clayton,51c0b91a340f2462405915e86e3205f542c0f00101f9018b9d240000000000c00205,1,20,11,4,17,20,20,18,111
Clayton north,5189c9c0a6f323624059d01a7222b0f342c0f00103f901e355246602000000c0020192030d436c6179746f6e204e6f727468,11,20,20,12,20,20,20,20,143
Clayton south,519184d8f4fb236240595699cef34cf742c0f00101f901b2a8240000000000c00205,0,20,4,0,3,18,1,20,66
Clifton hill,517ea1ecd2eb1f624059e97fb9162de542c0f00101f901b459240000000000c00205,0,13,3,0,4,20,5,5,50
Clifton springs,51e449d2355312624059d6ff39cc971343c0f00101f901d877250000000000c00205,0,0,1,0,0,0,0,3,4
Clunes,51b10573aa2bf9614059d67844e0a3a542c0f00103f9018803001200000000c00207920306436c756e6573,0,7,1,3,0,2,1,11,25
Clyde,510bb5a679872a62405921e9d32afa1043c0f00101f9014731250000000000c00205,0,3,4,1,0,6,0,20,34
Clyde north,51446f4caa912a6240599da62ac82a0d43c0f00101f901361b340000000000c00205,0,3,9,0,0,20,0,20,52
Cobblebank,5120e6dc3748136240596c932f0d68da42c0f00101f90156c7740000000000c00205,0,0,0,0,0,6,0,3,9
Cobden,5166a032fe7de26140593ff78a13042a43c0f00101f901ab10300000000000c00207,0,3,3,0,0,1,0,7,14
Cobram,5195bfd600c0346240597149c44abbf541c0f00101f9016d72260000000000c00208,0,11,5,0,3,0,3,20,42
Coburg,51303086cddb1e624059602aec585bdf42c0f00101f901ee86240000000000c00205,1,20,15,3,17,20,4,7,87
Coburg east,512e3718ea301f624059894160e5d0e042c0f00103f9013cdf19b800000000c0020192031a4561737420436f62757267204d65646963616c2043656e747265,13,20,20,20,20,20,20,20,153
Coburg north,515c6f81a8f81e6240598a096af816dd42c0f00101f901766b240000000000c00206,0,20,4,6,5,20,2,15,72
Cockatoo,51c067dab4c82f6240598b3963f3ccf742c0f00101f901852b250000000000c00205,0,3,1,0,1,3,0,20,28
Cohuna,51b95cb34b0a076240591d554d1075e741c0f00101f9016e72260000000000c00207,0,2,3,0,2,1,0,20,28
Colac,51b3374250bff2614059e0336d5a842b43c0f00101f90104fe2f0000000000c00207,1,15,8,1,0,17,1,7,50
Coldstream,51b000a60c1c2c624059e13bd63153dd42c0f00101f9010ffd240000000000c00205,2,9,2,0,2,18,1,20,54
Coleraine,5189134ec110b661405940529f3fc8cc42c0f00101f901c072300000000000c00207,0,3,2,0,1,0,0,9,15
Collingwood,512f0d0dd59e1f624059d2fe0758abe642c0f00101f9014e5d240000000000c00205,0,20,4,8,14,20,20,0,86
Connewarre,5117fec2e1bb0c624059b18a37328f2143c0f00101f901ff95250000000000c00207,0,0,0,0,0,4,0,20,24
Coolaroo,51515a6e1fe81d624059982b28b110d442c0f00101f901f098240000000000c00205,0,7,2,0,1,13,0,0,23
Coonans hill,518869dfdc5fef614059aa61bf27d68142c0c0020a920308566963746f726961e2031b77686f736f6e66697273743a726567696f6e3a3835363831343937,0,0,0,0,0,1,0,3,4
Coongulla,512e42678819596240599a6db8d969f242c0f00103f9013bfc0c6300000000c00208920309436f6f6e67756c6c61,0,0,0,0,0,0,0,20,20
Corinella,51234fed67cc2d62405957c6d0fb103543c0f00103f90175592d4500000000c00208920309436f72696e656c6c61,0,1,0,0,0,0,0,20,21
Corio,51b988940b7a0b624059568330b77b0943c0f00101f901e577250000000000c00205,1,17,9,0,5,20,0,20,72
Coronet bay,5185e0021af62d6240597ac784f3043843c0f00103f901b919f23c00000000c0020892030b436f726f6e657420426179,0,2,1,0,0,0,0,20,23
Corryong,5135423f53ef7c624059ff4b080c481942c0f00103f90159b3610c00000000c00207920308436f7272796f6e67,0,6,3,1,2,0,4,20,36
Cowes,51199ea8b6a52762405942d94a9ea13943c0f00101f9015b68250000000000c00207,1,20,3,5,5,5,10,20,69
Cowes west,5187bf266b5427624059e7c589af763a43c0c00208e2031e77686f736f6e66697273743a6c6f63616c6974793a313031393332373839,1,20,4,5,5,8,10,20,73
Craigieburn,5191ba9d7d251d62405913bfbdc689cb42c0f00101f901b3a5240000000000c00205,4,20,18,1,10,20,6,20,99
Cranbourne,51540f8c9d0d2962405999b10d81c80c43c0f00101f901645f3b0000000000c002059203134372616e626f75726e65204469737472696374,6,20,20,1,20,20,20,20,127
Cranbourne east,51ea8dffa7c729624059217eb4eed50d43c0f00101f9010125250000000000c00205,1,0,12,0,1,16,0,20,50
Cranbourne north,51b364e99e90296240594c6b781fec0943c0f00101f901440a250000000000c00205,0,1,5,0,5,20,0,20,51
Cranbourne south,51a85890c165286240593a6c6cc0311443c0f00101f901530a250000000000c00205,0,0,1,0,0,4,0,20,25
Cranbourne west,51db9953130e28624059b9a7ab3b160d43c0f00101f901480a250000000000c00205,0,20,4,0,12,15,1,20,72
Cremorne,51bc5aeeccc41f6240592112746a1dea42c0f00101f9014162240000000000c00205,0,20,1,0,1,12,14,3,51
Creswick,519ce678609bfc614059b5ecffd258b642c0f00101f901dfb62f0000000000c00207,0,7,6,0,0,6,1,20,40
Crib point,51d4a6a0917e266240591cbdd0121a2d43c0f00101f901f960250000000000c00205,0,2,2,0,0,4,2,8,18
Croydon,51a32d9dc50129624059da97c7f54ae542c0f00101f901b4ac240000000000c00205,3,20,12,2,10,20,2,20,89
Croydon hills,51818af4ec8328624059df0841fd1de342c0f00101f9014ba0240000000000c00205,0,0,3,0,0,18,0,18,39
Croydon north,51a6924b2d25296240596c0723f609e342c0f00101f901c0a5240000000000c00205,0,4,4,0,1,14,2,8,33
Croydon south,51a89dabf7e528624059f127cf6163e842c0f00101f90191a8240000000000c00205,0,16,3,0,6,14,2,0,41
Curlewis,51a263624e6b10624059a6423c122f1743c0f00101f901df77250000000000c00207,0,0,1,0,0,3,0,20,24
Dallas,51a7142aeeee1d624059dc42fc68ddd542c0f00101f901f294240000000000c00205,1,2,7,0,0,3,0,1,14
Dalyston,511159ff426a31624059cd847016404843c0f00103f901cdb69b6600000000c0020892030844616c7973746f6e,0,3,5,0,0,6,0,20,34
Dandenong,51d8fd1994df266240594390831266fe42c0f00101f901d8f2240000000000c00205,4,20,18,4,14,20,20,8,108
Dandenong north,519038bfbcdb266240599d7c1fb358fa42c0f00101f901d7f2240000000000c00205,0,6,8,0,5,14,1,13,47
Danyo,517657d17a53a9614059b5e5b7431ea141c0f00103f901a93661a400000000c0020792030544616e796f,0,0,0,0,0,0,0,8,8
Darley,51db7a979ca40d624059af53f6a79ed142c0f00103f901fb8fb69900000000c002059203064461726c6579,4,20,6,2,6,6,11,20,75
Daylesford,5105a161d6b004624059f168e388b5ab42c0f00101f9016a0d2a0000000000c00207,0,13,5,1,1,2,0,20,42
Deanside,518597e0d4871662405929780ab952dd42c0f00101f9018cf86f0000000000c00205,0,0,1,0,0,3,0,2,6
Deepdene,511697f44120226240597da8d9a8f3e742c0f00101f901db5f240000000000c00205,0,2,3,0,1,9,1,0,16
Deer park,51e5547c8dae18624059505e1a7563e242c0f00101f90182fb240000000000c00205,2,20,6,0,6,12,9,1,56
Delacombe,5148e4164e2dfa614059275aa8eb3fca42c0f00103f9013c9ee63800000000c0020592030944656c61636f6d6265,5,20,20,15,12,20,20,20,132
Delahey,51ed8d10d4df18624059d01acddb22dc42c0f00101f90183fb240000000000c00205,1,2,2,0,0,20,2,1,28
Dennington,518420b764e0cd61405958535914762d43c0f00101f901d63b300000000000c00206,0,0,1,0,0,2,0,7,10
Derrimut,51e620e868d518624059f28e9d013fe642c0f00101f9012ff9240000000000c00205,2,11,2,0,0,10,1,20,46
Derrinallum,51d516e82425e7614059ae3dfdb15af942c0f00103f9016d05ac2300000000c0020792030b44657272696e616c6c756d,0,1,1,0,0,0,0,7,9
Diamond creek,5167f73f1b1425624059582dfa545fd542c0f00101f901ac60240000000000c00205,0,20,5,2,12,20,12,20,91
Diggers rest,51c18d942d12176240598086922463d042c0f00101f901eb0a250000000000c00205,0,2,1,0,3,14,0,20,40
Dimboola,51f1bbe996ddc061405962612de34b3a42c0f00101f90168772f0000000000c00207,0,3,3,0,2,2,1,20,31
Dingley village,510ffa884e0524624059c3e050aedffc42c0f00101f9010fc8240000000000c00205,0,13,4,0,3,20,4,20,64
Dinner plain,5134ee72b6a5676240590f5949d0048342c0f00101f90167d9270000000000c00208,0,7,2,0,0,6,0,9,24
Donald,51eb35e26e75df614059edd22b0a602f42c0f00101f901495e2f0000000000c00207,0,2,3,0,0,1,0,20,26
Doncaster,51ba0ace85f62362405923b6604e75e442c0f00101f901756b240000000000c00205,1,20,6,1,4,20,3,20,75
Doncaster east,516c5d6a843e2562405987d80528b2e342c0f00101f9011678240000000000c00205,2,20,7,2,9,20,9,5,74
Donnybrook,5168075c570c1f6240590f67d9ee79c542c0f00101f9019aa6570000000000c00205,0,2,2,0,0,7,0,20,31
Donvale,51c93ec8b220266240596589737918e542c0f00101f901cf8d240000000000c00205,1,2,6,0,3,20,0,20,52
Doreen,51afdaeb9392246240598c5f1d6c56cc42c0f00101f9017e90240000000000c00205,3,10,8,0,2,20,1,20,64
Doveton,51096d3997a2276240592e64647f8ffe42c0f00101f90147f9240000000000c00205,0,4,6,1,0,20,0,2,33
Dromana,518451ff0fe61e6240599d2b4a09c12b43c0f00101f901885a250000000000c00205,1,10,3,1,2,3,2,20,42
Drouin,516c651de9673b6240593fa07df66d1143c0f00101f9014295250000000000c00207,0,12,5,1,3,20,0,20,61
Drumcondra,514c625ae5530b624059807cae5ba91043c0f00101f901757a250000000000c00205,0,0,0,0,0,4,3,0,7
Drysdale,51d9846a39461262405997e0794e1f1643c0f00101f901d777250000000000c00207,0,3,6,1,1,3,1,20,35
Dunkeld,51431f2c6303cb614059f53e9f1221d342c0f00101f901d73b300000000000c00207,0,4,1,0,1,0,0,20,26
Dunolly,51fad0aa3b7bf7614059a75599cef36d42c0f00101f9017e3a2f0000000000c00208,0,4,1,1,0,0,0,20,26
Eagle point,51cdedb9a7c6756240599ac8714cbbf242c0f00103f9016882603701000000c0020792030b4561676c6520506f696e74,0,4,3,0,1,2,1,20,31
Eaglehawk,519be1fa6b6c0862405942ea76f6955a42c0f00101f90164062f0000000000c00206,0,7,3,0,6,20,2,20,58
Eaglemont,5105ca5ccf0622624059afdcc13ef0e142c0f00101f9013b58240000000000c00205,0,2,0,0,0,5,1,3,11
East bairnsdale,513a1fa8eccf746240596e6aa0f99ced42c0f00101f9011058280000000000c00206,0,0,0,0,0,0,0,9,9
East bendigo,5143a5b679080a62405934057cc8a55f42c0f00103f90101976a7a00000000c0020592030c456173742042656e6469676f,3,20,20,12,20,20,20,20,135
East geelong,51821145922a0c6240594da5fa29e91343c0f00101f9016e7a250000000000c00205,0,5,1,0,1,6,5,20,38
East melbourne,51a3c3e85e8c1f6240595f0839efffe742c0f00101f9013562240000000000c00205,0,20,3,6,15,20,15,20,99
East warburton,513cff630e6f38624059fc19deacc1d842c0f00101f9015772250000000000c00206,0,0,1,0,0,8,0,20,29
Eastwood,5102de2b3b48746240596c0a647616e842c0f00101f9011158280000000000c00206,0,1,1,0,0,0,0,5,7
Echuca,519da1b8e30d1862405984656ce8661042c0f00101f901626a260000000000c00207,0,20,8,3,3,9,1,20,64
Edenhope,51d78c672b4aa96140596b4d4e48c68442c0f00101f9019680300000000000c00207,0,2,2,0,2,0,0,20,26
Edithvale,5157581586ad23624059a8d60cbace0443c0f00101f90186fb240000000000c00205,0,10,1,0,7,20,6,11,55
Eildon,5143c879ff1f3d62405939b709f7ca9d42c0f00101f9010299260000000000c00207,0,1,1,0,1,0,0,20,23
Elliminyt,51316711e5a6f2614059794b83ec062f43c0f00101f901cbc7290000000000c00205,0,0,2,0,0,5,0,4,11
Elmore,51432674f27d136240591b41cf0b1c3f42c0f00101f90154af250000000000c00207,0,4,2,0,1,1,0,7,15
Elsternwick,5166d2f077392062405915747b4963f142c0f00101f9019497240000000000c00205,0,16,6,1,3,20,0,1,47
Eltham,51cd8d049b0325624059c863062ae3db42c0f00101f9017c203a0000000000c0020592030f456c7468616d204469737472696374,5,20,20,4,20,20,20,20,129
Eltham north,5187b6ad77892462405981d1408754d942c0f00101f901a460240000000000c00205,0,2,7,1,0,20,0,20,50
Elwood,51b1636d9d891f62405901ef2e617ef042c0f00101f901b299240000000000c00205,0,20,4,0,3,9,0,9,45
Emerald,5155c7855e1a2e624059b31fce6850f742c0f00101f9011c17250000000000c00205,0,12,5,7,3,11,2,20,60
Endeavour hills,518320f6f83328624059c3f352b131fc42c0f00101f901b4f3240000000000c00205,1,7,11,0,1,20,0,20,60
Epping,51ea2a3817da20624059c6c1a563ced142c0f00101f9011987240000000000c00205,2,20,14,1,10,20,6,20,93
Epsom,518aecdee5fd09624059b86004e8525a42c0f00103f9014854c52601000000c002089203054570736f6d,1,8,7,2,8,20,0,20,66
Essendon,514a2717ca381d62405974571b08eedf42c0f00101f90151773b0000000000c00205920311457373656e646f6e204469737472696374,10,20,20,4,20,20,20,20,134
Essendon north,5124720ba7d61c624059ebef5b6386de42c0f00101f901519a240000000000c00205,1,1,1,0,3,6,0,0,12
Essendon west,5173f15c844e1c624059a1b71dbf5ce042c0f00101f90115a0240000000000c00205,0,1,1,0,1,2,0,5,10
Eumemmerring,5139a80e03e727624059e3d418becfff42c0f00101f90190fb240000000000c00205,0,5,0,0,0,7,0,0,12
Eureka,510de2033b3efc61405987b949b148c842c0f00103f9013e89d93800000000c00205920306457572656b61,1,20,20,13,9,20,20,20,123
Euroa,519885764e3332624059fbda44775a6042c0f00103f901bee8970300000000c002079203054575726f61,0,16,4,2,2,2,3,20,49
Eynesbury,510695021ccc1162405924f7cf2e3ae542c0f00101f901fe39250000000000c00205,0,1,1,0,0,0,0,20,22
Fairfield,51dea40e978120624059becdd1996ae442c0f00101f901a059240000000000c00205,0,20,3,2,17,20,12,20,94
Fairhaven,513af0c572a60262405980cddebeb33b43c0f00101f90142b0290000000000c00207,0,0,0,0,0,2,0,10,12
Fawkner,516237c714071f6240599c36e33444da42c0f00101f9013587240000000000c00205,0,17,7,0,2,20,0,2,48
Ferntree gully,513fc978ef0329624059bc69e9c028f142c0f00101f90135d9240000000000c00205,2,20,11,1,14,20,7,20,95
Ferny creek,51fefe83feb82a6240590714a05c09f042c0f00101f9015cf9240000000000c00205,0,1,1,0,0,2,0,7,11
Fingal,514343b5773c1b624059e285be05233543c0f00101f9012268250000000000c00208,0,1,0,1,0,0,0,20,22
Fitzroy,51d7d75f1b561f62405961ec736b88e642c0f00101f9015c5d240000000000c00205,0,20,7,9,14,20,20,1,91
Fitzroy north,51a9faf0877a1f62405930f6b93544e442c0f00101f901345d240000000000c00205,0,20,8,1,15,20,11,2,77
Fiveways,51080841a2a424624059304d6c9967fe42c0f00102f901a82dd03f00000000c00204920313466976657761797320426f756c657661726465,12,20,20,4,20,20,20,20,136
Flemington,51e760ec736b1d624059f72b5382b4e442c0f00101f9018697240000000000c00205,2,20,3,0,9,20,11,4,69
Flinders,51f637b23c9920624059f566d47c953c43c0f00101f9014468250000000000c00208,0,4,0,0,0,1,0,20,25
Flora hill,5129f51bdc8c096240595eaffa6d996342c0f00101f90186a52a0000000000c00205,0,0,2,1,0,4,0,7,14
Flowerdale,519cb3f4573e29624059fe367aebb2a842c0f00103f9014058ea8b00000000c0020692030a466c6f77657264616c65,0,2,1,0,0,0,0,20,23
Footscray,515587dc0cb71c6240591b2a6b4029e642c0f00101f901a59d240000000000c00205,1,20,14,4,20,20,20,20,119
Forest hill,51a097c17d6c2562405953e8bcc62eed42c0f00101f90189e03b0000000000c00205920314466f726573742048696c6c204469737472696374,5,20,20,2,17,20,9,20,113
Foster,51dc4b1aa37546624059ca9de3ed525343c0f00101f9011e17290000000000c00207,0,5,4,2,3,1,4,20,39
Frankston,51b1cf52680f24624059425486167e1243c0f00101f901f20a250000000000c00205,5,20,19,5,20,20,7,20,116
Frankston north,512e2b03bd2625624059181ea0a0b90f43c0f00101f901f00a250000000000c00205,0,3,3,0,1,20,0,20,47
Frankston south,518b879c632524624059ee13f6a3971643c0f00101f901f40a250000000000c00205,0,9,5,0,1,5,0,20,40
Fraser rise,51e6866a20031762405981a9b063edda42c0f00102f901f71ec41f00000000c0020192030b5369656e6e612052697365,7,20,20,0,20,20,5,20,112
Fyansford,51006773e6e809624059bf53b769221243c0f00101f9014b8c250000000000c00205,0,1,0,0,0,1,0,20,22
Garden city,5117821c94701d624059e0d8b3e732eb42c0f00103f901ccf4d69a00000000c0020192030b47617264656e2043697479,15,20,20,20,20,20,20,20,155
Gardenvale,515c76e3384b206240599a739593f5f242c0f00101f901b899240000000000c00205,0,0,0,0,0,8,0,0,8
Garfield,51beda519ca335624059be3be8c8800b43c0f00101f901ca6b250000000000c00207,0,2,1,1,0,3,0,20,27
Geelong,51cfe2207c830b6240595182a3891c1343c0f00103f9011405300200000000c002079203074765656c6f6e67,7,20,20,12,20,20,20,20,139
Geelong west,51578b998e0a0b6240596a786979d41143c0f00101f9016f7a250000000000c00205,0,20,5,1,12,20,20,0,78
Gembrook,51c2f869dc9b3162405971fa1f05f4f942c0f00101f9017853250000000000c00207,0,6,1,0,0,4,1,20,32
Gisborne,5111493ec0e412624059029b73f04cbe42c0f00101f901773b250000000000c00207,1,4,5,1,3,1,0,20,35
Gladstone park,517fccbd769f1c624059c121af624cd842c0f00101f901bd9d240000000000c00205,1,4,5,0,1,9,1,2,23
Glen huntly,514a12dfe452216240592411757a39f242c0f00101f901b295240000000000c00205,0,13,1,0,1,6,3,0,24
Glen iris,510c4e8e4c1122624059bfba2a508bed42c0f00101f9014f62240000000000c00205,1,18,7,1,17,20,20,7,91
Glen waverley,51f216fec26125624059eae8b81ad9f042c0f00101f901359d240000000000c00205,1,20,20,3,20,20,19,20,123
Glengarry,516c2409c25552624059b56feeaf1e1043c0f00103f9016c3e8e0300000000c00207920309476c656e6761727279,0,1,1,0,0,1,0,20,23
Glenlyon,5120faa4c9bb0762405957f036ca55a642c0f00103f901e686fc1200000000c00206920308476c656e6c796f6e,0,1,0,0,0,0,0,20,21
Glenrowan,5160b994a93847624059733bea9e2b3b42c0f00101f9013205270000000000c00207,0,7,1,5,0,1,0,20,34
Glenroy,511bc7fe68ae1d6240592fbda200f6d942c0f00101f901b495240000000000c00205,0,1,10,0,2,14,5,20,52
Golden beach,51a8a6c931be6c6240597b0cfbe2f71a43c0f00103f901e68d6c8b00000000c0020892030c476f6c64656e204265616368,0,1,0,0,0,0,0,10,11
Golden point (ballarat),517a14538eaefb614059dcd20f8f69c942c0f00103f9011d35ce9900000000c0020592030c476f6c64656e20506f696e74,1,20,20,15,11,20,20,20,127
Golden square,5116b90dc1230862405975f74a6a326342c0f00101f9011cfc2e0000000000c00206,0,2,2,0,3,4,1,10,22
Gordon,511bd7bfeb73036240592607472465ca42c0f00103f9017677c93a00000000c00208920306476f72646f6e,0,0,2,0,0,1,0,20,23
Goughs bay,51d7ac8e772242624059ed5cbd2fd39742c0f00103f901370e5f2100000000c0020892030a476f7567687320426179,0,0,0,0,0,0,0,11,11
Gowanbrae,51fb1e9a1eb91c6240597e665aacf2d942c0f00101f901009b240000000000c00205,0,1,0,0,0,5,0,9,15
Grantville,511ba842f204316240599fd2776d253443c0f00103f901d5ee731200000000c0020792030a4772616e7476696c6c65,0,4,1,1,0,0,0,20,26
Green lake,5112cdda89e624624059dba337dcc73f43c0f00102f90170c6651600000000c0020192030a477265656e204c616b65,0,2,1,2,0,2,0,20,27
Greensborough,5179b2f6d26f2362405983f2e3d473d942c0f00101f901d75f240000000000c00205,2,20,11,2,9,20,6,17,87
Greenvale,51cc6262f3311c624059a88a4e3ba1d142c0f00101f90124b7240000000000c00205,1,3,6,1,4,11,0,20,46
Grovedale,51317e75b0990a624059f21c3636e01943c0f00101f9014c8c250000000000c00205,3,20,6,4,7,16,7,14,77
Hadfield,5124850daa681e6240593dfec176e6da42c0f00101f9013c8e240000000000c00205,0,6,1,0,0,10,0,2,19
Hallam,5193a8177c9a286240590b5d8940f50043c0f00101f9017bfc240000000000c00205,0,20,2,0,1,20,2,10,55
Halls gap,5116bebed6a5d0614059580c0d7a259242c0f00101f901d83b300000000000c00207,0,11,1,2,0,1,0,20,35
Hamilton,51146c6d2bc7c0614059481229722ddf42c0f00101f9019b5d300000000000c00207,1,18,15,1,2,20,1,20,78
Hamlyn heights,518b660a425e0a6240592a0c80a77f0f43c0f00101f901927a250000000000c00205,0,4,6,0,1,8,1,17,37
Hampton,514af5f81847206240592db4739a05f842c0f00101f90192a8240000000000c00205,0,13,5,0,9,20,0,3,50
Hampton east,5144bc1a45fb20624059adbab31b22f842c0f00101f90195a5240000000000c00205,0,1,1,0,2,20,0,1,25
Hampton park,519994ccfb4928624059a4479dcab30443c0f00101f9014a02250000000000c00205,1,20,7,0,8,9,12,15,72
Harcourt,51fb05bb615b086240596c825e6ee67f42c0f00103f901f1a6341000000000c00208920308486172636f757274,0,2,1,0,0,1,0,20,24
Harkness,51a745d84bae116240590352ac6411d442c0f00101f90155c7740000000000c00205,0,0,1,0,0,7,0,18,26
Hastings,51d0f7ae9c1826624059bb703150632743c0f00101f901d941250000000000c00207,0,8,5,1,3,4,1,20,42
Hastings west,51e8df89b4a82762405944ae8a26060a43c0f00102f9019314700100000000c002049203145765737465726e20506f72742048696768776179,4,20,20,2,20,20,7,20,113
Hawthorn,51662321db03216240594a82cbbe86e942c0f00101f901d461240000000000c00205,1,20,17,4,20,20,20,2,104
Hawthorn east,51d81e076f99216240597c0c569c6aea42c0f00101f901ff5f240000000000c00205,3,20,5,1,2,15,4,10,60
Healesville,511fe7ec53843062405954d7eb27add342c0f00101f901051f250000000000c00207,1,20,5,2,3,16,1,20,68
Heathcote,518b78a16f81166240594f159d76427542c0f00101f9018b95250000000000c00207,0,15,3,2,5,4,5,20,54
Heathcote junction,51648588b884216240598884effd0db142c0f00101f901c902250000000000c00206,0,0,0,0,0,1,0,9,10
Heatherton,5194089e8cfb226240599f1b3ff960fa42c0f00101f901b4a8240000000000c00205,0,5,1,1,0,10,3,20,40
Heathmont,51af9bad17de276240594215ede016ea42c0f00101f9013ca0240000000000c00205,0,7,4,0,2,15,1,8,37
Heidelberg,51aa10ea7d3e226240597777ae3951e042c0f00101f901ba4f240000000000c00205,1,15,4,0,10,17,6,4,57
Heidelberg heights,515e8a0684b1216240591504ea2862df42c0f00101f901d44f240000000000c00205,0,7,0,0,0,20,1,0,28
Heidelberg west,51d9fc09786321624059b37ff9bf7ede42c0f00101f901f54f240000000000c00205,0,11,3,0,4,20,1,0,39
Hepburn,514483d69e19046240593ed175e107a842c0f00101f901c10e2a0000000000c00206,0,0,1,0,0,2,0,20,23
Hepburn springs,5134dcdb888204624059f217699890a742c0f00103f901d827980300000000c0020692030f4865706275726e20537072696e6773,0,19,6,1,1,8,0,20,55
Herne hill,515f79909e620a624059a1e760472d1143c0f00101f9014d8c250000000000c00205,0,6,3,0,2,4,0,0,15
Heyfield,51eb747ba41c596240595d363ae7a7fd42c0f00101f901d6d1270000000000c00208,0,7,3,1,0,0,1,20,32
Heywood,51a514747b09b4614059fb1175d5f21043c0f00101f901c272300000000000c00207,0,1,2,0,2,0,0,20,25
Highett,5153af5b04462162405916003ed3a6f942c0f00101f9016ca9240000000000c00205,0,5,2,0,1,20,1,5,34
Highton,516297f26b350a624059816154ade01543c0f00101f9014e8c250000000000c00205,2,15,7,0,3,20,2,20,69
Hillside (melton),51b768b74cbc176240596fab0fda61d842c0f00101f90104fd240000000000c00205,0,6,3,0,1,20,0,2,32
Hopetoun,511ea10b8fa2cb6140598102942b61dd41c0f00101f90169772f0000000000c00207,0,2,3,0,1,1,0,20,27
Hoppers crossing,51492eff213d1662405940d763c7ebee42c0f00101f9017a02250000000000c00205,3,20,12,1,6,20,1,11,74
Horsham,51a92f4b3b75c6614059b3ad0be47e5b42c0f00101f9019d5d300000000000c00207,2,20,9,5,6,3,2,20,67
Hughesdale,5191894ad99822624059895462e822f342c0f00101f9014e97240000000000c00205,0,17,4,0,5,11,9,0,46
Huntingdale,51578fa09d7823624059dcb75a272ef442c0f00101f901b099240000000000c00205,0,14,0,0,3,8,3,0,28
Huntly,51e9e802a8b30a624059e3c3ec65db5442c0f00101f90109022f0000000000c00208,0,0,1,0,0,6,0,20,27
Hurstbridge,5160ea420738266240599e36f4609cd142c0f00101f9018d97240000000000c00205,0,14,2,0,5,5,2,20,48
Indented head,518bcb4cc4761662405977007ad0a21143c0f00101f901ba3a250000000000c00207,0,0,0,0,0,0,1,1,2
Inglewood,51ad212702cbfb614059a1a3b0e65b4942c0f00101f9017f3a2f0000000000c00207,0,3,2,0,2,4,0,20,31
Inverloch,518623a35e4b37624059dc18f1530b5143c0f00101f9015d9b280000000000c00207,0,10,2,0,1,1,0,20,34
Invermay park,518640812f83fb614059e0a3fe7a85c342c0f00101f901e1b62f0000000000c00206,0,1,1,0,0,11,0,18,31
Ironbark,519ef5df398a0862405991aba289c16042c0f00101f9011dfc2e0000000000c00205,0,3,1,0,0,14,1,2,21
Irymple,514dc57c2f74c5614059bb97fbe4281e41c0f00101f9010f852f0000000000c00207,0,2,5,0,1,3,1,20,32
Ivanhoe,51a21232eb602162405944cd469d6fe242c0f00101f9016959240000000000c00205,1,20,7,0,13,20,17,20,98
Ivanhoe east,51ee3f321dfa2162405996c50e74fee242c0f00101f9014c58240000000000c00205,0,1,1,0,1,12,1,2,18
Jacana,5112d5004a281d6240590848eaf307d842c0f00101f901559a240000000000c00205,0,2,1,0,2,3,0,1,9
Jackass flat,511316cbe31f09624059e45938ff655c42c0f00103f901b1ae697a00000000c0020592030c4a61636b61737320466c6174,3,20,20,11,20,20,20,20,134
Jamieson,51750877c26644624059cb13083bc5a642c0f00101f90121ab270000000000c00208,0,4,1,0,0,0,0,20,25
Jan juc,511665db0e7209624059164218891a2c43c0f00101f901378e290000000000c00205,0,2,1,0,0,4,0,20,27
Jeeralang north,516530eb6a174e6240599bd5f14ef42d43c0f00103f901ec66a7d500000000c0020592030f4a656572616c616e67204e6f727468,0,0,1,0,0,0,0,11,12
Jeparit,515ad3612aa2bf6140598ec3aa8b251242c0f00103f9018b2d341900000000c002079203074a657061726974,0,3,1,1,0,0,0,20,25
Junction village,518c95e2f47f296240597dbfe2ba731143c0f00101f901eb24250000000000c00205,0,0,0,0,0,1,0,3,4
Junortoun,51dc1eaefa880b624059ac5b3d27bd6242c0f00101f9017464b20000000000c00206,0,0,1,0,0,1,0,20,22
Kalimna,512c712f8bcc7e6240597de9edcf45ef42c0f00101f901d85e280000000000c00206,0,1,0,0,0,0,0,15,16
Kalkallo,519a609390631e624059351eb63ef6c342c0f00101f901e294360000000000c00205,0,4,1,0,0,0,0,7,12
Kallista,51d698c6e5ee2b6240592d46b82462f142c0f00101f901d102250000000000c00205,0,4,1,0,0,2,1,20,28
Kalorama,510c5a48c0e82b624059fd625babe2e842c0f00101f9018dfb240000000000c00205,0,1,0,1,0,8,0,10,20
Kangaroo flat,5137e96cb7d30762405907e28629db6542c0f00103f901b877381300000000c0020592030d4b616e6761726f6f20466c6174,2,20,18,2,8,20,9,20,99
Kangaroo ground south,51d388997d1e27624059d316d7f84cde42c0c00204e203266f70656e7374726565746d61703a7374726565743a706f6c796c696e653a3332343833393832,2,20,15,3,4,20,4,20,88
Kaniva,51f3f395f6bca7614059adce7bad953042c0f00101f901208a300000000000c00207,0,2,1,0,1,1,0,20,25
Kealba,511d2a7c6c811a624059de51088959de42c0f00101f901e9c6240000000000c00205,0,2,1,0,1,5,1,2,12
Keilor,51909d5cf8661a62405964ae0caa0ddb42c0f00101f9017ba9240000000000c00205,0,9,5,0,5,20,0,17,56
Keilor downs,51a9c2fa9ac01962405952a346d73bdc42c0f00101f90184a9240000000000c00205,1,2,4,0,2,7,2,2,20
Keilor east,51bc36c0717e1b62405924d40ca9a2de42c0f00101f9016fa9240000000000c00205,2,7,4,1,1,13,1,5,34
Keilor lodge,517a4a18179819624059490b3c9c65d942c0f00101f9018fa9240000000000c00205,0,0,1,0,0,7,0,0,8
Keilor park,5118af1e9c341b624059e9a9c42bffdb42c0f00101f90192a9240000000000c00205,0,2,0,0,0,8,4,3,17
Kennington,51cf02a381ce09624059bd6257a4d36242c0f00103f90153126a7a00000000c0020592030a4b656e6e696e67746f6e,2,20,20,12,20,20,20,20,134
Kensington,5194090962aa1d62405954331070ade542c0f00101f9012b97240000000000c00205,0,20,5,1,12,20,14,19,91
Kerang,51b9d7930a74fd614059df0a7261eedd41c0f00101f9017c4e2f0000000000c00207,0,5,6,2,0,2,2,20,37
Kew,51cb30ee061121624059edfa6074d4e642c0f00101f901ee5f240000000000c00205,0,20,16,4,16,20,13,20,109
Kew east,512991e975b02162405913471e882ce542c0f00101f901d25f240000000000c00205,0,13,5,1,6,20,3,20,68
Kew north,51db60f25025216240591a1131cad8e542c0f00103f901814c453c01000000c0020192031b4b6577204e6f727468204c6f63616c20506f7374204f6666696365,10,20,20,20,20,20,20,20,150
Keysborough,51fe13b7655b256240598297cfa8af0043c0f00101f9018ff3240000000000c00205,3,20,11,3,5,20,4,20,86
Kialla,511f1329cda62c624059855ca967413542c0f00103f90155f3eebc00000000c002079203064b69616c6c61,5,20,16,8,12,20,12,20,113
Kilcunda,512777e9703e2f6240592d4e6b894b4643c0f00103f9010e942b0f00000000c002069203084b696c63756e6461,0,2,0,0,0,3,0,20,25
Killara (wodonga),51ed9f02bb755e6240590c570740dc1142c0f00103f9014fae380f00000000c002089203074b696c6c617261,0,3,3,2,1,19,0,20,48
Kilmore,5153ffc5d86e1e62405912d2641069a542c0f00101f901ff1e250000000000c00207,0,9,4,0,6,0,1,20,40
Kilsyth,511144ccdb072a6240597a843f68e2e642c0f00101f901fec8240000000000c00205,2,7,4,0,1,12,1,20,47
Kilsyth south,51f420f3b7f32962405944b9d9c46eea42c0f00101f901ffc8240000000000c00205,0,6,0,0,0,1,1,19,27
Kinglake,51db148f8bea2a624059a59828e730c442c0f00101f90157f9240000000000c00207,0,3,1,1,0,3,0,20,28
Kings park,51fd61f0d5b3186240598ed60748eadd42c0f00101f9018efb240000000000c00205,0,0,4,0,0,17,0,0,21
Kingsbury,515c51ef4e23216240590684d6c397db42c0f00101f901d05f240000000000c00205,0,3,3,0,1,16,0,0,23
Kingsville,51059e2056241c6240593dfcebcb88e742c0f00101f901a4a8240000000000c00205,0,4,0,0,3,3,0,0,10
Knoxfield,51d29edc00fd2762405926aebe15e4f142c0f00101f901feb6240000000000c00205,2,18,2,0,4,12,6,20,64
Koo wee rup,517d76c075c52f62405938cce1a47a1943c0f00101f901d360250000000000c00208,0,1,3,0,1,0,0,20,25
Koondrook,51fe52f5e10f046240592dedd45c6ed141c0f00101f90185572f0000000000c00207,0,2,1,0,0,0,0,20,23
Koroit,517db90501a8cb6140599e6230da3e2543c0f00101f9013743300000000000c00207,0,1,2,0,0,0,0,2,5
Korumburra,51495ee7f05a3a62405959ba27b4513743c0f00101f901a976280000000000c00207,0,6,3,1,1,1,0,20,32
Kurunjang,512a413514ed12624059eea4749fd2d442c0f00101f901612b250000000000c00205,0,0,3,0,0,20,0,1,24
Kyabram,51f29716f5892162405977425486162842c0f00101f9016a31260000000000c00208,0,2,2,0,1,1,0,20,26
Kyneton,518fa27323910e62405966fa25e2ad9f42c0f00101f9018c95250000000000c00207,0,11,6,4,2,10,1,20,54
Lake boga,518c15905139f461405983b174f4aeba41c0f00101f9014a5e2f0000000000c00207,0,2,1,1,0,0,0,18,22
Lake bunga,517464f6e327816240590a17f2086eee42c0f00101f901d95e280000000000c00206,0,0,0,0,0,0,0,8,8
Lake gardens,5134cef0b01afa6140598db85bedbcc542c0f00103f901f90274bb00000000c0020592030c4c616b652047617264656e73,5,20,20,10,14,20,20,20,129
Lake tyers beach,5180f277efa882624059ac6d2f0ed3ed42c0f00103f90122a30a5401000000c002069203104c616b65205479657273204265616368,0,2,1,0,0,0,0,20,23
Lake wendouree,51fc901216b0fa6140596ff607ca6dc642c0f00103f901a2d4d83800000000c0020592030e4c616b652057656e646f75726565,5,20,20,15,14,20,20,20,134
Lakes entrance,518fb6e0fbd17f6240597a99171692f042c0f00101f901da5e280000000000c00207,0,20,5,2,1,0,2,20,50
Lalor,51fb743c66202062405943e6caa0dad442c0f00101f901f386240000000000c00205,1,16,11,0,10,13,8,18,77
Lancefield,5167a3ce377d17624059f93e66b15ea342c0f00101f9012d5f250000000000c00207,0,0,2,0,1,0,0,20,23
Lang lang,5146bd96460232624059ac74779d0d2243c0f00101f901dd6b250000000000c00208,0,2,1,0,0,1,0,20,24
Langwarrin,51989e550b5126624059ab025a5fc91343c0f00101f9014617250000000000c00205,4,20,6,3,4,3,1,20,61
Lara,5196d46421150d62405987a9882e030343c0f00101f901ca77250000000000c00207,0,19,5,1,8,20,6,20,79
Lara lake,51349dd19dff0c624059d05c4cd8a30343c0f00102f901172de90200000000c002019203124c617261204c616b65205765746c616e6473,0,20,8,1,9,20,6,20,84
Launching place,5188d459d23632624059101f7d38ede342c0f00101f901e12b250000000000c00208,0,1,1,0,0,1,0,20,23
Laverton,51172e066a8c18624059dce1653c00ee42c0f00101f90171f9240000000000c00205,0,9,4,0,1,10,5,15,44
Laverton south,517e9065c1c418624059aa27f38fbeed42c0c00208e2031e77686f736f6e66697273743a6c6f63616c6974793a313031393333313631,5,20,20,1,14,20,20,20,120
Leitchville,51e712584aa0096240595f549cb4baf341c0f00101f9017272260000000000c00208,0,1,2,0,0,1,0,20,24
Leneva,5100d8cce67f5b624059d2dc0a61351a42c0f00101f901d088270000000000c00206,0,0,1,0,0,1,0,20,22
Leongatha,5181423d7d443e624059e3a194b5f23c43c0f00101f901609b280000000000c00207,0,9,7,1,1,1,1,20,40
Leopold,51b9832227dd0e6240593e31a138361843c0f00101f901f078250000000000c00207,1,4,2,0,2,4,0,14,27
Lilydale,514dbed9e6462b6240590eee7321fbe042c0f00101f9015df9240000000000c00205,3,20,10,3,7,20,9,20,92
Lindenow,510843780fab6e6240599becfa6074e642c0f00103f90141ec988100000000c002079203084c696e64656e6f77,0,4,2,0,0,0,0,20,26
Lismore,5196bb8564f7ea6140590c91d3d7f3f942c0f00103f9016f05ac2300000000c002079203074c69736d6f7265,0,3,1,0,0,0,0,20,24
Loch,515611c9eb9c36624059b81e85eb512f43c0f00101f901a16f280000000000c00207,0,4,1,0,0,1,0,20,26
Loch sport,5177fb07ecc57262405907150b32b80543c0f00103f9018c0ff9bb00000000c0020792030a4c6f63682053706f7274,1,3,1,0,1,0,0,10,16
Lockington,51da571ea42711624059bc08ae4dbe2242c0f00103f9010d9e212100000000c0020692030a4c6f636b696e67746f6e,0,0,1,0,0,0,0,5,6
Long gully,51b37515f74408624059fcc973d8d85e42c0f00103f901b4ae697a00000000c0020592030a4c6f6e672047756c6c79,2,20,20,11,20,20,20,20,133
Longwarry,51717e79b7a838624059f4e8fcca390e43c0f00103f9014948717f00000000c002089203094c6f6e677761727279,0,4,2,0,1,3,0,20,30
Lorne,51221395b231ff614059890d7107454543c0f00101f90137b2290000000000c00207,0,20,1,4,1,4,0,20,50
Lovely banks,512033abf07c0a62405920274c18cd0643c0f00101f901937a250000000000c00206,0,4,2,0,0,2,0,6,14
Lower plenty,5154e0641bb823624059852d2c6e92de42c0f00101f9014959240000000000c00205,0,3,1,0,2,11,0,20,37
Lucas,515aa8eb3fa1f861405930b95164adc642c0f00101f901a59e400000000000c00205,1,4,2,0,1,0,0,20,28
Lucknow,5108c2b65b7275624059ea25c632fde642c0f00101f9011358280000000000c00206,0,2,1,1,0,0,0,20,24
Lynbrook,51c9827813322862405975c35b8c260743c0f00101f901e409250000000000c00205,1,5,2,0,1,4,0,5,18
Lyndhurst,5166225b4c62276240599542c5ddc50843c0f00101f901170a250000000000c00205,1,10,1,0,0,6,0,16,34
Lysterfield,51f7281202a829624059c123850daaf742c0f00101f901b6f3240000000000c00205,0,6,1,0,0,1,0,20,28
Lysterfield south,51e65c8aab8a28624059a0f94102ebf942c0f00101f901b8f3240000000000c00205,0,0,0,0,0,0,0,15,15
Macedon,510a229c600912624059a214634ff1b542c0f00101f9015959250000000000c00207,0,4,2,1,0,1,3,20,31
Macleod,510b0bee073c22624059cc5b1a6437dc42c0f00101f901e34f240000000000c00205,0,3,4,0,0,20,3,8,38
Macs cove,510ccc702aa344624059fcc6d79e599a42c0f00101f901376ab20000000000c00206,0,0,0,0,0,0,0,3,3
Maddingley,51abb8cc446c0d624059f47574b746d942c0f00101f901b277250000000000c00205,0,2,2,0,2,2,0,20,28
Maffra,51e051befb3e5f62405947c60f3a8dfb42c0f00101f901d8d5270000000000c00207,0,7,3,0,2,1,5,20,38
Maiden gully,511adf17976a066240592debfeb1105f42c0f00103f901766c521100000000c0020592030c4d616964656e2047756c6c79,0,3,5,0,0,20,0,20,48
Maidstone,51758ea61ff91b624059f5914a6716e442c0f00101f9018ba8240000000000c00205,1,1,0,0,0,15,0,20,37
Maldon,5165d69ccd34026240595644f23a877f42c0f00101f9012fc32a0000000000c00207,0,4,2,7,1,7,3,20,44
Mallacoota,513f86336421b86240591e34bbeeadc742c0f00101f9015e60280000000000c00207,0,4,2,1,0,0,1,20,28
Malmsbury,5103b2d7bb3f0c6240596e84ea8b299842c0f00101f9018f95250000000000c00208,0,3,2,1,0,1,0,20,27
Malvern,51d285fd431f2162405983610a20c6ed42c0f00101f9011a78240000000000c00205,0,20,7,0,5,20,8,1,61
Malvern east,511fc594a31b226240597c7e18213cf042c0f00101f901388e240000000000c00205,2,20,8,2,3,20,20,20,95
Mambourin,510eee186808136240592cf6f29606f242c0f00101f9016381270000000000c00205,0,0,0,0,0,0,1,1,2
Manifold heights,51ad8fe277ae0a624059b9a40f02971143c0f00101f901947a250000000000c00205,0,4,1,0,1,13,0,0,19
Manor lakes,518de612580a13624059d0effb372fef42c0f00101f9016cf76f0000000000c00205,1,5,4,0,0,10,0,10,30
Mansfield,512cb7b41ad24262405996708d74ab8642c0f00101f901759e260000000000c00207,0,17,6,1,1,0,1,20,46
Marengo,51fdc79d2d3bf5614059315aec9ba06343c0f00101f901cdc7290000000000c00208,0,0,0,0,0,0,0,20,20
Maribyrnong,51a587fc8e7c1c62405989e6a6727fe242c0f00101f901c39d240000000000c00205,1,20,4,3,10,20,3,20,81
Marlo,513fdde5c704916240590c4b4dccc4e542c0f00103f90181ed8d0300000000c002089203054d61726c6f,0,5,1,0,0,0,1,20,27
Marong,51d49cbcc84404624059517d31a53f5e42c0f00101f90166062f0000000000c00207,0,1,1,0,0,2,0,20,24
Marshall,515036e50a6f0b624059f3b7f3b3471943c0f00101f9014f8c250000000000c00205,0,0,0,0,0,3,0,3,6
Maryborough,51b4226aa28ff761405927f2c92f288642c0f00101f901f3252f0000000000c00207,0,12,4,0,1,2,0,20,39
Marysville,518d8ef51ef8376240592d8da90540c142c0f00103f901a11bee0500000000c0020792030a4d6172797376696c6c65,0,4,1,3,1,0,0,20,29
Mccrae,51b9db9a19e21d6240592bdf8ecb132e43c0f00101f9015e67250000000000c00205,1,1,0,0,0,0,1,18,21
Mckenzie hill,51cc448228e3056240590418963fdf8842c0f00101f901a9352a0000000000c00206,0,0,0,0,0,1,0,14,15
Mckinnon,51a054fb743c21624059b176ca598ef442c0f00101f901d79a240000000000c00205,0,0,1,0,2,12,0,0,15
Mcloughlins beach,518422275d845c624059132dd4f59f4d43c0f00103f901a20b625301000000c002069203114d636c6f7567686c696e73204265616368,0,0,0,0,0,0,0,10,10
Meadow heights,5182a55fc7641d624059d81e076f59d342c0f00101f901e79a240000000000c00205,1,1,2,0,0,15,0,3,22
Melton,51cef4b7a9a6126240598fbd83447fd742c0f00101f9017c2b250000000000c00208,0,6,3,0,1,20,0,14,44
Melton south,5147286cf54b1262405923484a1f5fda42c0f00101f9010838250000000000c00205,1,0,5,0,0,20,0,0,26
Melton west,51a8195245b1116240598c18d1d105d742c0f00101f901353b250000000000c00205,4,8,7,1,2,20,1,3,46
Mentone,51bef0efd834226240593e703a6e9dfd42c0f00101f901e8c6240000000000c00205,1,20,9,1,20,20,20,3,94
Menzies creek,510f2b37ac042d624059a6f4a7e8a3f542c0f00101f901260a250000000000c00205,0,1,1,0,0,4,0,20,26
Merbein,51482a9d59dcc1614059b88fdc9a741541c0f00101f901ef8b2f0000000000c00207,0,6,3,0,0,1,1,16,27
Meredith,51736f34366a026240596da8bd2dfdeb42c0f00101f901cc9e2f0000000000c00208,0,1,1,1,0,2,0,20,25
Merinda park,518483bd89a1c46140590ad80e46ec1941c0c00204e203266f70656e7374726565746d61703a7374726565743a706f6c796c696e653a3236333831343036,1,20,20,12,15,20,20,20,128
Mernda,518bd69b629f226240597b922a40cacb42c0f00101f9017c90240000000000c00205,2,20,6,0,8,20,1,20,77
Merrigum,514cbb3dad4724624059cc441152b72f42c0f00103f901f078140f00000000c002069203084d6572726967756d,0,1,1,0,0,2,0,20,24
Merrijig (mansfield),514991c6b26a48624059d4d74eef3d8d42c0f00103f9017b24583600000000c002089203084d657272696a6967,0,2,2,0,0,0,0,20,24
Metung,514efb9c71507b624059e754320054f242c0f00103f901c24dd52800000000c002079203064d6574756e67,0,2,2,0,1,0,0,12,17
Mickleham,518857a3682f1d624059caf154d169c442c0f00101f90184fb240000000000c00205,1,2,5,0,0,20,0,20,48
Middle park,514f7ee607c91e6240592b3aed84f2ec42c0f00101f9014f97240000000000c00205,0,13,2,0,6,20,0,0,41
Mildura,5190639060cfc46140592ae109bdfe1841c0f00101f901ea8b2f0000000000c00207,1,20,16,12,13,20,20,20,122
Mill park,51a275f97b0e226240593497c05202d542c0f00101f901786b240000000000c00205,5,20,9,2,11,20,4,20,91
Millgrove,51f7e05a922835624059cf73fa3031e042c0f00101f9017053250000000000c00208,0,2,2,0,0,5,0,10,19
Miners rest,51b1715875b1f9614059445266de05be42c0f00101f9019bcb2f0000000000c00205,0,0,1,0,0,7,0,20,28
Minyip,519333b9bdc9d26140591f0eb7e8093b42c0f00101f9019d652f0000000000c00207,0,3,1,0,0,1,0,20,25
Mirboo north,51fb6827391645624059beef294a533343c0f00103f90121a30a5401000000c0020792030c4d6972626f6f204e6f727468,0,9,3,0,0,2,0,20,34
Mitcham,5132e719fb52266240593af0c572a6e842c0f00101f9015190240000000000c00205,0,20,5,3,6,20,2,10,66
Mitchell park,5110470d5cd4f9614059f1f3df83d7c142c0f00103f9016d5bd93800000000c0020592030d4d69746368656c6c205061726b,4,20,17,5,5,20,15,20,106
Moe,512d605d706148624059247035fcb81643c0f00101f901ecab270000000000c00207,0,13,5,0,2,1,0,9,30
Monbulk,519fd8c634622d624059f29881caf8ef42c0f00101f90162fe3a0000000000c002059203104d6f6e62756c6b204469737472696374,0,20,20,10,15,20,17,20,122
Mont albert,51c96e0b3b7123624059edb4da68a5e842c0f00101f901e85f240000000000c00205,0,1,2,0,0,12,1,0,16
Mont albert north,51b33d1f0a8b236240599a305008d3e642c0f00101f9017560240000000000c00205,0,1,2,0,0,1,0,3,7
Montmorency,51e943bc1a0524624059c7a0134207dc42c0f00101f901cf5f240000000000c00205,0,16,4,0,3,20,6,3,52
Montrose,51167948e7f22a62405937ead78cc2e742c0f00101f901abf3240000000000c00205,0,5,4,0,3,15,1,16,44
Moonee ponds,51fdc79d2d7b1d6240594ed1915cfee142c0f00101f9017997240000000000c00205,3,20,5,3,15,20,4,5,75
Moorabbin,5199deb4cfd921624059beab79e981f842c0f00101f9015ca3240000000000c00205,0,11,6,2,2,20,4,0,45
Mooroolbark,51e1e533ea6b2a62405993b3661a03e442c0f00101f90122c8240000000000c00205,1,20,11,0,16,15,8,13,84
Mooroopna,513ff152a0852b624059a7a32df87e3242c0f00103f9014fc9a08800000000c002079203094d6f6f726f6f706e61,3,20,17,8,11,20,12,20,111
Mordialloc,51380312031323624059cf7ddef9eaff42c0f00101f901e0f2240000000000c00205,0,20,4,0,2,20,5,16,67
Mornington,516cd77858d52262405928d027f2241f43c0f00101f901d3663b0000000000c002059203134d6f726e696e67746f6e204469737472696374,6,20,20,3,20,20,14,20,123
Mortlake,51882f1345c8d96140594da25ef0690a43c0f00103f901e0a5401000000000c002089203084d6f72746c616b65,0,0,2,0,0,0,0,20,22
Morwell,517f92f1dec74c624059400d8409481e43c0f00101f90104c2270000000000c00208,2,15,7,2,3,3,0,20,52
Mount beauty,5147c4398f6f656240598b9ccfca075f42c0f00103f9018b58298e00000000c0020792030c4d6f756e7420426561757479,0,5,3,0,2,1,0,20,31
Mount clear,519ff9e648b8fb614059cfe3e60aa5cd42c0f00103f90176e2e63800000000c0020592030b4d6f756e7420436c656172,1,20,20,9,4,20,8,20,102
Mount dandenong,514ac1093b3b2b6240597931dea007eb42c0f00101f90169f9240000000000c00205,0,3,1,0,0,16,0,9,29
Mount duneed,51c65a327d250a62405904c35ecda61d43c0f00101f901388e290000000000c00205,0,0,2,0,0,14,0,20,36
Mount egerton,51c56c6ef155036240595d401eb061d042c0f00103f9017077c93a00000000c0020892030d4d6f756e742045676572746f6e,0,0,2,0,0,1,0,20,23
Mount eliza,5122776c5fdb226240598025fcf7851743c0f00101f901df1e250000000000c00205,2,20,7,1,18,19,12,20,99
Mount evelyn,514e8de1fb6c2c62405929441bdbc6e442c0f00101f90112fc240000000000c00205,0,17,7,0,6,10,0,20,60
Mount helen,519bcb0d867afc614059c8f951c36dcf42c0f00103f9010de6e63800000000c0020592030b4d6f756e742048656c656e,0,14,12,1,0,12,2,20,61
Mount macedon,5133816ca3cb12624059d858d30671b342c0f00103f9017341f91f00000000c0020792030d4d6f756e74204d616365646f6e,0,7,3,1,0,1,3,20,35
Mount martha,5176622019fc20624059c68db685422343c0f00101f901e83a250000000000c00205,0,7,3,0,0,11,0,20,41
Mount pleasant,51dd90eb4b5bfb614059e1ce85915eca42c0f00103f90118cde63800000000c0020592030e4d6f756e7420506c656173616e74,2,20,20,15,10,20,20,20,127
Mount waverley,51a1890b9b1c2462405974c7ac286ff042c0f00101f9011795240000000000c00205,1,20,13,3,16,20,8,9,90
Mulgrave,51da70bd4bd12562405974e6c3584bf742c0f00101f90116e83b0000000000c002079203114d756c6772617665204469737472696374,4,20,20,3,20,20,20,20,127
Murchison,51a4aa09a2ee266240596ea301bc054f42c0f00103f90177cfb80e00000000c002089203094d7572636869736f6e,0,2,1,0,1,2,0,20,26
Murrumbeena,5186483c8f402262405968356e7bccf242c0f00101f9011f95240000000000c00205,0,19,2,0,12,20,9,3,65
Murtoa,51481ba265f8ce614059ab477595494f42c0f00101f9013943300000000000c00207,0,1,2,2,0,0,0,20,25
Myrtleford,511f251bb43c57624059f20b0adeeb4742c0f00101f9014869270000000000c00207,0,15,4,3,4,2,1,20,49
Nagambie,51bab99d22ec246240598bf216597c6442c0f00103f901d2dbe90300000000c002089203084e6167616d626965,0,12,4,1,3,4,6,20,50
Nar nar goon,51d06fa9946832624059c2210a1cbf0a43c0f00101f901995a250000000000c00208,0,1,3,0,0,2,0,20,26
Narre warren,516661f481c9296240592c62d8614c0243c0f00101f901af00250000000000c00205,2,20,8,6,15,20,5,11,87
Narre warren north,51ba34d55e6d296240593e26ad53400043c0f00101f90130573b0000000000c0020592031b4e617272652057617272656e204e6f727468204469737472696374,5,20,20,8,18,20,7,20,118
Narre warren south,513621bc48ba29624059753117024a0643c0f00101f901385a3b0000000000c0020792031b4e617272652057617272656e20536f757468204469737472696374,4,20,20,0,17,18,15,20,114
Nathalia,51232d95b7a32662405996bcf039660742c0f00101f901656a260000000000c00207,0,2,5,1,0,0,0,20,28
Natimuk,5137fc6eba25be61405953060e68e95e42c0f00101f9011a66300000000000c00207,0,2,1,1,0,0,1,20,25
Neerim south,5136b05582853e624059d5a82caf010243c0f00103f901c8ab5c7900000000c0020792030c4e656572696d20536f757468,0,2,3,0,1,0,0,20,26
Nelson,51fac6212c34a0614059658632f90b0643c0f00103f90153fbbf2200000000c002089203064e656c736f6e,0,1,0,0,0,0,0,17,18
Nerrina,513c020bdb8cfc6140594033880fecc442c0f00101f901a8b22f0000000000c00206,0,0,1,0,0,0,0,20,21
New gisborne,51729e567626136240597b7c8c03f9ba42c0f00101f901bb3a250000000000c00207,0,0,3,0,0,1,0,20,24
Newborough,518feed6e84b49624059fdb0efd46d1743c0f00101f901edab270000000000c00208,0,1,6,0,0,0,0,14,21
Newcomb,5116a4198ba60c62405950bddaf6e21443c0f00101f901767a250000000000c00205,1,7,4,0,4,5,0,0,21
Newhaven,51f471c8618b2b624059cf914bd2eb4143c0f00101f9016b8c250000000000c00207,0,2,1,1,0,2,1,20,27
Newington,51e7340bb47bfa6140595cee27be35c842c0f00103f9016a66d93800000000c002059203094e6577696e67746f6e,6,20,20,15,14,20,20,20,135
Newlands arm,516829b4077576624059018cc28943f642c0f00103f9016782603701000000c0020792030c4e65776c616e64732041726d,0,4,3,0,1,2,2,20,32
Newport,515789c3e32c1c624059260230f9faeb42c0f00101f9019ea8240000000000c00205,0,20,7,4,10,20,6,14,81
Newstead,511b39c1edff016240591d4b6947bb8d42c0f00101f90188a52a0000000000c00208,0,3,1,0,0,0,0,20,24
Newtown (greater geelong),51c270091bb90a6240597539ca66b31343c0f00101f901b87a250000000000c00205,0,20,12,1,12,20,20,17,102
Nhill,5197c05202c7b4614059c46977fea32a42c0f00103f9018ecb1d1100000000c002089203054e68696c6c,0,6,3,0,0,2,1,8,20
Nichols point,5158288870c2c66140593429aa23ec1a41c0f00101f901f08b2f0000000000c00207,0,0,1,0,0,0,0,11,12
Niddrie,517b2c222f501c6240595888b3c7b0de42c0f00101f9014fa0240000000000c00205,1,3,4,0,0,10,0,0,18
Noble park,515dc30c8da725624059051fdece19fc42c0f00101f90155b7240000000000c00205,1,20,10,0,9,20,19,5,84
Noble park north,51010baa571b266240596754cf38c3f942c0f00101f9014eb7240000000000c00205,0,6,4,0,5,10,1,3,29
Norlane,51b66f4969510b6240597f3a79ecc20b43c0f00101f901717a250000000000c00205,2,10,4,0,3,20,1,3,43
North bendigo,519d5b32d8de08624059088e70ff365e42c0f00103f901b7ae697a00000000c0020592030d4e6f7274682042656e6469676f,3,20,20,12,20,20,20,20,135
North geelong,513cc670d0390b624059b91ee0a4c40e43c0f00101f901727a250000000000c00205,0,11,0,1,5,19,20,20,76
North melbourne,51d710c1dd3e1e624059def41db237e642c0f00101f9015662240000000000c00205,0,20,9,3,17,20,20,2,91
North shore,51b157b329f20b62405931a880c52b0c43c0f00101f901737a250000000000c00205,0,2,0,0,0,5,1,1,9
North wonthaggi,5126efd23c36336240597d65941dd14b43c0f00101f9016176280000000000c00205,0,2,0,0,0,6,0,20,28
Northcote,51e95e2594542062405989981249f4e242c0f00101f9011b813b0000000000c002059203124e6f727468636f7465204469737472696374,5,20,20,12,20,20,20,20,137
Notting hill,51b6f1cc70a82462405953ec681ceaf342c0f00101f901289d240000000000c00205,0,15,1,0,0,12,4,1,33
Numurkah,511504ea28222e62405994c78965e90b42c0f00101f901666a260000000000c00207,0,1,4,1,0,1,0,20,27
Nunawading,51f509455fa625624059339aa6199ce842c0f00101f9011978240000000000c00205,1,20,7,2,4,20,2,2,58
Nyah west,514f0a4ed819eb614059c72fbc92e49741c0f00101f901c56f2f0000000000c00208,0,1,1,0,1,0,0,5,8
Oak park,51e83e4a36681d624059ec1a88c0ecdb42c0f00101f9019097240000000000c00205,0,2,2,0,0,2,1,2,9
Oakleigh,5196f2b5c20f23624059818010244af342c0f00101f9011e95240000000000c00205,1,20,5,1,13,20,20,3,83
Oakleigh east,5163450da661236240598d47a98427f342c0f00101f901a699240000000000c00205,0,1,1,0,1,13,0,1,17
Oakleigh south,51cee0ef17f3226240590a0044b060f642c0f00101f901c29d240000000000c00205,1,10,3,0,3,20,1,20,58
Ocean grove,51d9942bbccb10624059b9c7d2872e2243c0f00101f901e177250000000000c00207,2,16,5,0,7,0,6,20,56
Officer,51414d88141e2d624059b065e88eb40743c0f00101f901da24250000000000c00205,0,17,14,0,2,13,0,20,66
Officer south,512dbe57637f2d6240595c076234860c43c0f00101f901b46ab20000000000c00205,0,0,1,0,0,0,0,15,16
Olinda,51bf36d19d562c6240597d21e4bcffeb42c0f00101f90115fc240000000000c00205,0,13,1,0,0,3,2,20,39
Omeo,51c5854daef3726240591f86b1e0d98c42c0f00101f9011558280000000000c00207,0,6,1,1,1,2,2,20,33
Orbost,51a3885638938e62405973bf9e0a13da42c0f00101f9016060280000000000c00207,0,11,5,0,1,0,0,20,37
Ormond,5112972da362216240595b615518b6f342c0f00101f901ab99240000000000c00205,0,13,6,0,1,11,4,0,35
Osborne,516f192609f856624059cbcd812f96ac41c0f00101f901fff7590000000000c00207,0,0,0,0,0,0,0,0,0
Ouyen,51e75a0fba1fca61405942e0922ddc8841c0f00101f901627e2f0000000000c00207,0,4,1,1,2,3,2,20,33
Pakenham,51726fd97c772f624059ad307daf210a43c0f00101f901f237250000000000c00205,7,20,14,2,6,20,3,20,92
Paradise beach,511267ea1a926d624059f9b369b63c1843c0f00103f901bf1e821501000000c0020892030e5061726164697365204265616368,0,1,0,0,0,0,0,4,5
Park orchards,5146562360d9266240598d52f82290e342c0f00101f901b98e240000000000c00205,0,3,4,0,3,9,0,20,39
Parkdale,51edf318e5992262405965bcf781f5fe42c0f00101f9013fd9240000000000c00205,1,6,4,0,1,20,1,0,33
Parkville,51d4fce71f731e6240594a19822dc0e442c0f00101f901825d240000000000c00205,0,20,14,11,9,20,6,20,100
Pascoe vale,517c2df8f8411e6240592c8ab2124edc42c0f00101f90102793b0000000000c00205920314506173636f652056616c65204469737472696374,1,20,20,9,20,20,12,20,122
Pascoe vale south,51dbd14900081e624059683d7c9928df42c0f00101f901c68f240000000000c00205,0,12,4,0,2,20,0,0,38
Patterson gardens,51e92ffe9b641a6240597caa549a5edc42c0f00102f901d358612300000000c00201920311506174746572736f6e2047617264656e73,7,20,20,3,20,20,20,20,130
Patterson lakes,51c2a6295d9524624059741df4b6e30843c0f00101f901c100250000000000c00205,2,13,2,0,3,13,3,20,56
Paynesville,51ced204400b77624059c0481e3e9ff442c0f00103f901b45ffc7100000000c0020792030b5061796e657376696c6c65,0,4,3,0,1,2,1,20,31
Pearcedale,5103250516c02762405944fd2e6ccd1943c0f00101f901ef37250000000000c00205,0,0,1,0,0,1,0,20,22
Penshurst,51ae19cf5654c96140592982ee810cf042c0f00103f90195cfde2300000000c0020792030950656e736875727374,0,2,2,0,0,0,0,2,6
Peterborough,5198fd158d10dc614059d7c3f242954d43c0f00101f901661f300000000000c00207,0,1,0,0,0,0,0,15,16
Pioneer bay,513edf60b9af3162405928bfa0e0bd3043c0f00103f901ac0d986600000000c0020692030b50696f6e65657220426179,0,3,0,1,0,0,0,20,24
Plenty,51028a47989823624059f71b92ff6ed542c0f00101f901976b240000000000c00205,0,5,0,0,1,10,1,20,37
Point cook,51488cf9141b186240593ea363bd07f442c0f00101f9010302250000000000c00205,6,20,13,2,5,20,5,20,91
Point lonsdale,518cbe8234a313624059ecb5ea84e12243c0f00101f901da77250000000000c00205,0,2,1,0,1,1,1,20,26
Poowong,51ccbd761f7638624059dc03beece82b43c0f00103f9019cdacc1200000000c00208920307506f6f776f6e67,0,1,2,0,0,0,0,20,23
Porepunkah,517566cc6e375d6240592d3e05c0785942c0f00103f901210c316400000000c0020792030a506f726570756e6b6168,0,2,1,0,0,1,0,20,24
Port albert,5178753348265662405901f2ca9afd5543c0f00103f901dd6b7f8b00000000c0020892030b506f727420416c62657274,0,1,0,0,0,0,0,18,19
Port fairy,51eadb93d192c7614059d9dc8772583143c0f00101f901174b300000000000c00207,0,17,2,1,3,1,2,20,46
Port melbourne,519840005f801d62405943a04495abea42c0f00101f901ab9d240000000000c00205,0,20,4,0,15,20,20,20,99
Port welshpool,5189f1f510e84e6240593ccbe2b4965943c0f00103f9015f8bae7900000000c0020792030e506f72742057656c7368706f6f6c,0,3,1,1,0,0,0,20,25
Portarlington,51de2637e5e514624059314a86d2cd0e43c0f00101f901963b250000000000c00207,0,13,1,0,0,9,0,20,43
Portland,51f8e7fdda55b3614059fe9eb3603d2c43c0f00101f901c572300000000000c00207,0,20,10,4,1,7,7,20,69
Portland north,51c60db6beecb1614059a036aad3812643c0f00101f9012378300000000000c00206,0,0,1,0,0,0,0,9,10
Portsea,5105aee1d869166240594d3a8034522943c0f00101f901b967250000000000c00205,0,1,0,0,0,14,0,20,35
Prahran,51d1bcd2e80420624059adc266800bed42c0f00101f901768e240000000000c00205,1,20,4,1,8,20,4,0,58
Preston,51a1f7c6104020624059ac826275f5de42c0f00101f9016f60240000000000c00205,5,20,20,9,20,20,20,9,123
Princes hill,510c3cf71eee1e6240597ab0202812e442c0f00101f901755d240000000000c00205,0,0,2,0,0,3,0,1,6
Pyramid hill,517bb482f0b20362405946b7b98cf60642c0f00101f9011b412f0000000000c00207,0,1,2,0,0,1,0,20,24
Quambatook,519ac640e8aaf0614059de318683ceec41c0f00101f9018b572f0000000000c00207,0,1,0,0,0,3,0,20,24
Quarry hill,512dc83b2cf9086240593fe08101846342c0f00103f901b6f0697a00000000c0020592030b5175617272792048696c6c,3,20,20,12,20,20,20,20,135
Queenscliff,515f10ec5329156240593a2aedc3302243c0f00101f901de77250000000000c00207,0,8,2,1,0,4,0,11,26
Rainbow,51991d9892dbbf6140591ca89dabf7f241c0f00101f901647e2f0000000000c00207,0,2,1,0,0,0,1,20,24
Rawson,519cb9d111ca4c6240592d9a290879fa42c0f00101f901eeab270000000000c00208,0,1,1,0,0,1,0,16,19
Raymond island,51da8f7c15d47762405941d5e8d500f642c0f00101f9019e5e280000000000c00206,0,0,0,0,0,1,0,9,10
Red cliffs,517ddb5db110c6614059cd599f724c2741c0f00101f90113852f0000000000c00208,0,6,8,1,3,2,3,20,43
Red hill,51823cbb7cab20624059f8cf89f3262f43c0f00101f9013f5e250000000000c00207,0,0,1,0,0,0,0,20,21
Redan,51d49eed2cd5fa61405998bf42e6cac942c0f00103f9016181d93800000000c00205920305526564616e,4,20,20,17,12,20,20,20,133
Research,5117b83cd60c266240591884a8b173da42c0f00101f901e186240000000000c00205,0,1,2,1,1,0,0,11,16
Reservoir,51d82d02633d206240595977e2282fdb42c0f00101f9019b6b240000000000c00205,2,20,16,0,17,20,17,12,104
Rhyll,511553e927dc29624059bd0f51966b3b43c0f00101f901fe78250000000000c00208,0,4,1,0,0,2,0,17,24
Richmond,51ab67f79a14206240598d2441b802e942c0f00101f9013262240000000000c00205,1,20,11,2,20,20,20,13,107
Riddells creek,51fd93ae4faf1562405995e35f15b9ba42c0f00101f901c42b250000000000c00208,0,5,1,2,2,3,0,20,33
Ringwood,51d4450a656127624059deaa9097dae742c0f00101f901159b240000000000c00205,2,20,9,7,20,20,20,20,118
Ringwood east,51043a9336152862405980dd9f41f9e742c0f00101f90185a5240000000000c00205,0,20,3,2,12,20,5,2,64
Ringwood north,51dc6223b57527624059e8e4fb98c5e542c0f00101f9019597240000000000c00205,1,15,3,1,6,20,2,13,61
Rippleside,514b411251670b624059aeade98bce0f43c0f00101f901777a250000000000c00205,0,3,0,0,0,3,4,0,10
Ripponlea,51ea2dd450d91f62405919c0a5ad5bf042c0f00101f9012d97240000000000c00205,0,10,0,0,2,10,1,0,23
Robinvale,51b9669714c4d861405961832adac14a41c0f00101f901837e2f0000000000c00207,0,2,2,0,1,0,0,20,25
Rochester,5141abddc06e1662405929dc3c1faf2d42c0f00103f901fb18ac0800000000c00207920309526f63686573746572,0,6,3,0,0,1,0,20,30
Rockbank,51e1ad98b62415624059d56993799add42c0f00101f901a30f250000000000c00205,0,0,1,0,0,7,0,1,9
Romsey,518be07f2b99176240597ece38680aad42c0f00101f9019932250000000000c00207,0,0,2,0,0,0,0,20,22
Rosanna,512145f8723a22624059253fe257acde42c0f00101f901524a240000000000c00205,0,18,5,1,4,13,1,0,42
Rosebud,51c07adcb71a1d62405966a032fe7d2f43c0f00101f9017e67250000000000c00205,3,20,7,7,20,6,20,20,103
Rosebud south,51ebfd463bee1c624059100533a6602f43c0c00208e2031e77686f736f6e66697273743a6c6f63616c6974793a313031393333343731,4,20,10,7,20,15,20,20,116
Rosedale,511792dd163659624059c63d4cb1591343c0f00103f90193394a0300000000c00207920308526f736564616c65,0,3,1,0,0,1,0,20,25
Rowville,5146e40522d5276240595b33e83a43f642c0f00101f90127b7240000000000c00205,4,20,8,1,19,20,5,20,97
Roxburgh park,517632384a9e1d624059106b3bb71ad042c0f00101f90112a0240000000000c00205,3,6,5,0,1,15,0,14,44
Rupanyup,511610ff552cd461405916f1e725105142c0f00103f9019e9ce21000000000c00207920308527570616e797570,0,0,1,1,1,2,0,15,20
Rushworth,518f19a88c7f20624059ab0fda61024b42c0f00101f901fca1250000000000c00208,0,4,3,1,2,1,0,20,31
Rutherglen,517a06c36fb94e62405985ca64dde40642c0f00101f901297c270000000000c00207,0,5,3,0,0,1,1,20,30
Rye,515805c5eaea1962405946c8e5e4ea3043c0f00101f901c267250000000000c00205,0,20,1,0,1,15,1,20,58
Safety beach,51e198654f022062405923aaa6da5d2843c0f00101f9013253250000000000c00205,0,2,0,1,1,5,0,20,29
Sailors gully,515747ca587307624059e609849d625a42c0f00101f90168062f0000000000c00206,0,1,1,0,0,0,0,2,4
Sale,513ec3e5c2126262405961f426d0710d43c0f00101f90135d9270000000000c00208,1,14,11,4,1,1,1,20,53
San remo,51d6aa5d13d22b624059688e5143c04243c0f00101f901b494250000000000c00208,0,10,2,0,0,3,0,14,29
Sanctuary lakes,518f37f92d7a186240599c9db1d41ff342c0f00102f9018033000a00000000c0020192030f53616e637475617279204c616b6573,8,20,20,2,8,20,12,20,110
Sandhurst,51f92ccf83bb266240594312071a7d0a43c0f00101f9011603250000000000c00205,0,0,0,0,0,1,0,20,21
Sandringham,51074d011f72206240592c5217df06fa42c0f00101f901eaac240000000000c00205,0,20,7,1,3,20,3,10,64
Sandy point,51c111eedf06446240597e33d6a3156a43c0f00103f901e9d7ff0800000000c0020892030b53616e647920506f696e74,0,0,0,0,0,1,0,20,21
Sassafras,51ba3203f06a2b6240598a0fa26b15ef42c0f00101f901ddfb240000000000c00205,0,7,2,0,0,7,0,13,29
Sawmill settlement,5134b33b499f4b62405940e7244a318e42c0f00103f9015ad2413600000000c002079203125361776d696c6c20536574746c656d656e74,0,3,1,0,0,0,0,20,24
Scoresby,5108701f5efc26624059e48810b287f342c0f00101f9016da9240000000000c00205,0,20,3,0,3,20,12,20,78
Sea lake,515e24fe7237db614059fbdc1a22b8c041c0f00101f901c76f2f0000000000c00207,0,3,2,0,2,1,0,20,28
Seabrook,51219ad42b401862405924e0c61cbaf042c0f00101f9011501250000000000c00205,0,1,1,0,0,15,0,0,17
Seaford,51d19673296e246240591d8e53196b0d43c0f00101f9010b0a250000000000c00205,0,20,8,1,10,20,8,20,87
Seaholme,512887aaf3031b624059bc07e8be9cee42c0f00101f901dff2240000000000c00205,0,0,1,0,0,1,0,1,3
Seaspray,51aee1d8691a666240594192a34ade2f43c0f00103f901731d749000000000c002089203085365617370726179,0,1,1,0,0,0,0,20,22
Sebastopol,51ee9d743ec3fa614059747d1f0e12cd42c0f00101f9014db72f0000000000c00206,0,8,8,0,0,1,1,12,30
Seddon,511777cdf5871c624059f5673f5244e742c0f00101f90151a0240000000000c00205,0,17,1,1,4,9,3,0,35
Selby,51a7bfa8ee1b2c624059646c32f499f542c0f00101f901b202250000000000c00205,0,0,1,0,2,9,1,20,33
Seville,51efa8d667b32e6240590f4efa319ce342c0f00101f9011817250000000000c00207,0,7,1,1,2,8,0,20,39
Seville east,516dcc4642f62f6240597aa52c431ce342c0f00101f9015618250000000000c00205,0,0,0,0,0,3,0,20,23
Seymour,51ad09b31a5c246240596547f47c178342c0f00101f9018772250000000000c00207,1,19,6,1,3,1,2,20,53
Shepparton,515f57dd34c72c624059eeb5a0f7c63042c0f00101f9017331260000000000c00207,3,20,20,5,15,20,10,20,113
Shepparton north,519ac0632edf2c62405961d229d9fb2a42c0f00103f901047d31aa01000000c0020892031053686570706172746f6e204e6f727468,0,14,20,2,11,18,3,20,88
Shoreham,5114b4249bc621624059beca90195e3643c0f00101f901b567250000000000c00207,0,0,0,0,0,0,0,19,19
Silverleaves,51995423aaa6286240593e2a59a9fb3943c0f00103f901fe3ea49900000000c0020592030c53696c7665726c6561766573,1,20,4,5,5,11,10,20,76
Skenes creek,51006b7af5d6f66140590f3455e69c5c43c0f00101f901cec7290000000000c00207,0,1,0,0,0,2,0,12,15
Skipton,517918a42ab7eb614059722b291ce6d742c0f00103f9010517e97100000000c00207920307536b6970746f6e,0,2,1,0,0,1,0,16,20
Skye,51029aad61eb26624059b2b8ffc8740d43c0f00101f901ed0a250000000000c00205,0,2,2,0,0,0,0,20,24
Smiths beach,51b61e74bf39286240599c470f8d384043c0f00101f901f778250000000000c00208,0,1,0,0,0,1,0,2,4
Smythes creek,51581b99a28cf86140590ebe30992acd42c0f00101f9019ecb2f0000000000c00206,1,0,0,1,0,0,0,20,22
Smythesdale,513f8974e4edf56140591fc65a327dd242c0f00103f901f421bc1500000000c0020892030b536d797468657364616c65,0,4,2,0,0,2,0,20,28
Soldiers hill,518c40063c7afb61405969e55e6056c642c0f00103f901c9f8d83800000000c0020592030d536f6c64696572732048696c6c,4,20,20,16,13,20,20,20,133
Somers,510c4515598625624059d7d58970383243c0f00101f9018067250000000000c00205,0,0,1,0,0,0,0,20,21
Somerville,5152cab5b28e256240590872f508da1c43c0f00101f9016f39250000000000c00205,2,6,4,0,3,2,1,20,38
Sorrento,510f327f3bbf17624059eac42f06202c43c0f00101f901b667250000000000c00205,0,20,2,3,0,14,1,20,60
South geelong,51906390608f0b624059f6effacc591543c0f00101f901787a250000000000c00205,0,9,0,1,1,12,7,2,32
South kingsville,514263810ae21b6240596af1ce4653ea42c0f00101f901eeac240000000000c00205,0,5,0,0,1,17,0,2,25
South melbourne,5107f5e3e59f1e624059d681bdd3aeea42c0f00101f9017a90240000000000c00205,1,20,9,3,14,20,18,0,85
South morang,5151c9ef23ad22624059961238c8dad042c0f00101f9012887240000000000c00205,4,10,4,1,8,20,4,20,71
South yarra,51557df843bd1f6240590b0bee073ceb42c0f00101f9013e62240000000000c00205,3,20,10,4,9,20,5,5,76
Spotswood,51bea25baf691c6240598709b48531ea42c0f00101f90187a8240000000000c00205,0,8,2,6,2,10,3,20,51
Spring gully,51dd370884270962405900a2050da26542c0f00103f90156126a7a00000000c0020592030c537072696e672047756c6c79,3,20,20,10,19,20,20,20,132
Springvale,51f65c4b6d0e2562405996e2f43f0af942c0f00101f901bcac240000000000c00205,6,20,19,0,20,20,20,20,125
Springvale south,51be423058bb24624059b3ba302d45fc42c0f00101f901dcac240000000000c00205,1,15,5,0,2,19,2,4,48
St albans,511442075dc21962405911678f615fdf42c0f00101f901e9f2240000000000c00205,1,20,17,1,19,20,20,13,111
St albans park,5138071912810c6240594055e0bfd41843c0f00101f901aa7a250000000000c00205,0,0,0,0,0,0,0,1,1
St andrews beach,5152edd3f1981a624059fc47f0d0c13543c0f00101f9012468250000000000c00205,0,0,0,0,0,0,0,1,1
St arnaud,5113d4f02d2ce86140597e8d2441b84e42c0f00101f901804e2f0000000000c00207,0,2,3,0,0,1,0,20,26
St helena,519fe9807f2524624059435376fa41d842c0f00101f9019c60240000000000c00205,1,4,1,0,3,11,1,17,38
St kilda,516571ff91691f624059327788da91ee42c0f00101f9012295240000000000c00205,1,20,6,9,4,20,2,3,65
St kilda east,518955cdbd1120624059dc3a4904f4ee42c0f00101f9016f90240000000000c00205,0,0,11,0,2,20,0,0,33
St kilda west,51b44cd070141f6240597c8d6eced2ed42c0f00101f9015597240000000000c00205,0,4,0,0,0,11,0,1,16
St leonards,51f3df281efc16624059ddbefd6fdb1543c0f00101f9016f53250000000000c00207,0,9,1,0,1,2,2,20,35
Stanhope,5131b1f9b8761f6240598fcb1363f43842c0f00103f901ac89cc2f00000000c002089203085374616e686f7065,0,0,1,0,0,0,0,20,21
Stawell,5140660c18c9d8614059101a660d838742c0f00101f901671f300000000000c00207,0,7,5,1,0,2,0,20,35
Stratford,51481d78109662624059cd63833b06fc42c0f00103f901dc02041000000000c002089203095374726174666f7264,0,5,3,1,1,5,0,20,35
Strathdale,517fc81121240a624059d54d733cb06142c0f00103f9015f126a7a00000000c0020592030a53747261746864616c65,2,20,20,12,20,20,20,20,134
Strathfieldsaye,514f7056e9130b624059efcbf4a67d6742c0f00103f901f8254f6d00000000c0020592030f5374726174686669656c6473617965,0,0,5,0,0,0,0,20,25
Strathmerton,5186281543682f6240592039e34570f641c0f00103f901d4f6cc0800000000c0020892030c5374726174686d6572746f6e,0,1,1,0,0,0,0,20,22
Strathmore,51ade8c53f621d624059833fb26fdddd42c0f00101f9016f97240000000000c00205,2,4,4,1,0,17,1,2,31
Strathmore heights,5112239573b31c624059c54840964fdb42c0f00101f9012e9d240000000000c00205,0,0,0,0,0,4,0,1,5
Strathtulloh,51be99e2bb1e13624059a3a60293c0dd42c0f00101f90158c7740000000000c00205,0,0,1,0,0,4,0,2,7
Studfield,51fe8f2612b227624059eaf29ce312ee42c0f00102f901166ff00200000000c00201920319537475646669656c642053686f7070696e672043656e747265,7,20,20,10,20,20,20,20,137
Sunbury,516b60504b5817624059d4580c6833ca42c0f00101f901cf0f250000000000c00207,2,20,17,2,7,20,4,20,92
Sunderland bay,514cef401dbc2862405995b6b8c6674043c0f00101f901a06cb20000000000c00206,0,0,0,0,0,0,0,3,3
Sunnycliffs,519148dbf853c6614059902111644e2441c0f00102f90105fbb30600000000c0020492031453756e6e79636c69666673204372657363656e74,0,7,10,1,3,2,3,20,46
Sunset strip,51dffeb7ed9628624059ccc7ff2e7d3f43c0f00101f901ec77250000000000c00208,0,0,0,0,0,1,0,0,1
Sunshine,513111ca56b21a6240594318e4d308e542c0f00101f9013cb7240000000000c00205,3,20,5,1,20,20,20,0,89
Sunshine north,5188500020c21a6240598d316601c9e142c0f00101f90138b7240000000000c00205,0,2,7,0,1,0,1,3,14
Sunshine west,519e110077f419624059c4f98a2430e642c0f00101f9013eb7240000000000c00205,0,13,9,0,3,17,0,13,55
Surf beach,51d395198097296240598057152bb44143c0f00101f9016c8c250000000000c00208,0,0,0,0,0,0,0,3,3
Surrey hills,51722fd5712123624059f891b64ce1e942c0f00101f901b36b240000000000c00205,0,8,4,0,3,17,4,2,38
Swan hill,51d2dad9fce4f1614059688fbc186fab41c0f00101f9019e652f0000000000c00208,0,12,10,2,2,1,2,20,49
Swan reach,511ea8531e9d7b624059021077f52ae942c0f00103f901bd294a0300000000c0020692030a5377616e205265616368,0,2,1,0,0,0,0,20,23
Sydenham,5140a54a947d186240591564158090d942c0f00101f90104fc240000000000c00205,0,11,4,0,13,20,4,3,55
Syndal,516e85b01acb24624059afa18ad129f042c0f00103f901f6538a1300000000c0020192030653796e64616c,11,20,20,17,20,20,20,20,148
Tallangatta,517390c657b165624059a762be17ba1b42c0f00101f9017490270000000000c00207,0,6,4,1,0,1,0,16,28
Tangambalanga,518b2da97ff56062405952a9c8d7542042c0f00103f9018535ba4900000000c0020892030d54616e67616d62616c616e6761,0,1,1,0,0,0,0,20,22
Tarneit,51d1bb76fc851662405990662c9a4eeb42c0f00101f901a625390000000000c002059203105461726e656974204469737472696374,9,20,20,2,12,20,13,20,116
Tatura,515f47776b7427624059ee93a300513842c0f00101f9015daf250000000000c00207,0,10,3,2,7,1,14,20,57
Tawonga,511393814da764624059677dca31595942c0f00103f901fc787f4900000000c002079203075461776f6e6761,0,3,2,0,0,1,0,20,26
Tawonga south,5118ee1fec706462405910b056ed9a6142c0f00101f9012682270000000000c00206,0,3,0,0,0,1,0,17,21
Taylors hill,512b453c231b18624059d0679b768cdb42c0f00101f9017afc240000000000c00205,2,11,2,0,5,20,0,3,43
Taylors lakes,51fa02c46e291962405904745fce6cd942c0f00101f9019bf3240000000000c00205,2,20,5,2,4,20,4,18,75
Tecoma,512633839d072b6240593ccbe2b496f342c0f00101f90106fc240000000000c00205,0,6,1,0,1,7,0,5,20
Templestowe,5108f6a974c12462405969a1aeff84e042c0f00101f901726b240000000000c00205,0,13,3,1,1,20,2,20,60
Templestowe lower,51d0e341c497236240591dde18a7c6e142c0f00101f9014e59240000000000c00205,1,9,6,0,3,20,0,6,45
Terang,519b4a500d45dd6140593d8a2947b71e43c0f00103f901caab784800000000c00207920306546572616e67,0,2,3,0,0,1,0,14,20
The basin,510da661f8482a6240595672045f87ed42c0f00101f90196f3240000000000c00205,0,7,3,1,0,0,0,16,27
The honeysuckles,51b52561950167624059824d428e522d43c0f00103f901741d749000000000c0020692031054686520486f6e65797375636b6c6573,0,1,1,0,0,0,0,20,22
The patch,51eed2e17c852c624059d919f043eff142c0f00101f901d802250000000000c00205,0,0,1,2,0,5,0,16,24
Thomastown,513dd8bd704220624059fa36b34c75d742c0f00101f901ae6b240000000000c00205,0,15,10,0,8,20,8,14,75
Thomson (greater geelong),515e5d5f35200c62405934c97eccbd1543c0f00101f901bc7a250000000000c00205,0,3,4,0,0,5,0,0,12
Thornbury,5147e28a302a206240596fb2b2220fe142c0f00101f901a759240000000000c00205,0,20,8,3,20,20,17,7,95
Thornhill park,51a08b868c0714624059b0a481c41bdd42c0f00101f901e3f76f0000000000c00205,0,0,1,0,0,1,0,2,4
Timboon,51691f86b160df614059e24bf26d0b3e43c0f00101f901071a300000000000c00207,0,8,1,0,1,0,0,20,30
Tongala,5103290c256e1e6240592b7af18f082042c0f00101f901c738260000000000c00207,1,0,2,0,0,0,0,20,23
Toongabbie,51701f5e7cf653624059a59d3f129b0743c0f00103f90118648f0300000000c0020892030a546f6f6e676162626965,0,2,1,0,0,1,0,20,24
Toora,517edd8e15614a6240598af5fc1f165543c0f00103f90152277f8b00000000c00207920305546f6f7261,0,2,1,0,0,0,0,15,18
Tooradin,515e3ea3be362c6240596ab290ca5e1b43c0f00101f9018b3b250000000000c00208,0,11,1,1,2,2,1,14,32
Toorak,519bc6f65a90206240591eadc502baeb42c0f00101f9014762240000000000c00205,1,3,6,0,4,20,1,1,36
Tootgarook,51e298c008351b6240598b259b61593043c0f00101f901ab67250000000000c00205,0,1,1,0,0,10,0,3,15
Torquay,512c0a606f070a6240592bc995d5cf2943c0f00101f9013a8e290000000000c00207,1,20,6,2,5,19,5,20,78
Trafalgar,5179dd6cbdf044624059cbc80f4bb91a43c0f00103f9013e454a0300000000c0020792030954726166616c676172,0,8,3,0,0,1,0,20,32
Traralgon,516984c8333951624059ffed0d19ea1843c0f00101f90166cb270000000000c00207,1,20,13,1,18,3,20,20,96
Traralgon east,51a4f3d5f6d052624059438f183db71743c0f00101f90164cb270000000000c00206,0,3,0,0,0,1,0,17,21
Travancore,51ebc9fca3ef1d624059dfd627caefe342c0f00101f9016590240000000000c00205,0,2,2,0,1,2,3,5,15
Trentham,514f2d115e710a624059098a1f63eeb142c0f00101f9019195250000000000c00207,0,8,1,0,2,1,0,20,32
Truganina,51d89b18921317624059b91798158ae742c0f00101f9017c02250000000000c00205,0,5,7,0,2,6,5,20,45
Tullamarine,51f0f0e890e51b624059b16ebc3b32da42c0f00101f901a0a8240000000000c00205,0,15,2,0,0,15,3,7,42
Tyabb,51870f913ffd25624059ebf6a3f2c02143c0f00101f9019f3a250000000000c00205,0,3,4,0,0,1,1,20,29
Underbool,51ff3c0d18e4b9614059176f1a91de9541c0f00101f901847e2f0000000000c00207,0,0,1,0,1,0,0,20,22
Upper ferntree gully,519d4a0680ea296240591d0c2bcbc6f242c0f00101f901b3f3240000000000c00205,0,12,1,1,1,8,0,8,31
Upwey,51f87c83e57e2a62405905a8041fdef342c0f00101f9018bfb240000000000c00205,0,3,3,4,1,4,0,20,35
Ventnor,51deedd5227d256240595bfe8d87083c43c0f00101f901ef77250000000000c00208,0,2,1,0,0,2,0,20,25
Venus bay,51b4c92ca66639624059a3224e27d95643c0f00101f90112ca280000000000c00206,0,5,0,0,0,0,0,4,9
Vermont,51b51a12f7582662405990ea854c43eb42c0f00101f9014b97240000000000c00205,0,0,4,0,1,8,0,6,19
Vermont south,513defc682022662405983143c855ced42c0f00101f901bc99240000000000c00205,1,8,6,0,7,20,0,20,62
Viewbank,51290d90c3fb226240599d3c7661b5de42c0f00101f901ee4f240000000000c00205,1,3,2,0,5,0,1,20,32
Violet town,51fad6e2aef936624059ee5234208c5142c0f00101f901cbf2260000000000c00207,0,0,1,0,0,1,0,20,22
Wahgunyah,519eb9e23da24c6240591a7332cc640142c0f00101f9012b7c270000000000c00208,0,4,1,0,0,3,0,20,28
Walkerville,51ea549ee5de3f62405948b945aa396d43c0f00103f901d703614c00000000c0020892030b57616c6b657276696c6c65,0,0,0,0,0,0,0,20,20
Wallan,51149a7f4f471f624059f1643733fab442c0f00101f90157fc240000000000c00207,1,20,4,0,3,20,3,20,71
Wallan east,5195b7239c161f6240598a1ef818acb442c0c00208e2031e77686f736f6e66697273743a6c6f63616c6974793a313031393430353033,1,20,4,0,3,20,3,20,71
Wandana heights,51a1342fe29609624059f34fba3ebd1643c0f00101f901508c250000000000c00205,0,0,1,0,0,2,0,1,4
Wandin north,5105700e32a42d624059825660c8eae342c0f00101f9014702250000000000c00205,0,8,2,1,2,13,1,20,47
Wandong,51e8829fdd0621624059c0159a35c2ae42c0f00103f901706403eb00000000c0020792030757616e646f6e67,1,10,1,0,1,5,0,20,38
Wangaratta,51ce93c6c3564a624059d55526a1992d42c0f00101f9010c18270000000000c00207,0,20,14,4,18,20,2,20,98
Wantirna,51df69d7293b276240594c5b125619ed42c0f00101f901f99a240000000000c00205,0,20,8,0,12,20,6,20,86
Wantirna south,51088f368e18276240595c48765bd8ef42c0f00101f901ba9d240000000000c00205,1,20,10,2,11,20,10,12,86
Warburton,516f2c280c0a36624059a6040eb276e042c0f00101f9012a59250000000000c00207,0,17,1,2,2,6,0,20,48
Warneet,5127648cb4f929624059e0d34103561c43c0f00101f901813a250000000000c00208,0,0,0,0,0,0,0,10,10
Warracknabeal,518a3c49baa6cc614059d7af2ab1212042c0f00101f901ca6f2f0000000000c00207,0,4,4,1,0,1,0,20,30
Warragul,511cb3ec49e03d62405945b357c4551443c0f00101f901a46f280000000000c00207,4,20,12,4,20,4,20,20,104
Warrandyte,5167cde4ba4827624059d56c2fb319e142c0f00101f9018bfd3a0000000000c0020592031357617272616e64797465204469737472696374,4,20,20,5,16,20,13,20,118
Warranwood,51b655ffd60428624059bae067b7f1e242c0f00101f9015f9d240000000000c00205,0,4,3,0,0,20,2,8,37
Warrnambool,516f4507c967cf614059aa1496d3f93043c0f00101f901dd3b300000000000c00207,4,20,20,8,6,7,3,20,88
Waterways,51b91226312d2462405962985d41e40143c0f00101f9019ef3240000000000c00205,0,1,0,0,0,1,0,13,15
Watsonia,51ac06bc27aa226240595599733adada42c0f00101f9015d58240000000000c00205,8,19,5,1,3,17,4,6,63
Watsonia north,51317daf21b8226240597d410b0918d942c0f00101f9016e59240000000000c00205,0,0,1,1,0,2,0,3,7
Wattle glen,51e73004a5cd25624059454b79083ed542c0f00101f9018d8e240000000000c00205,0,1,1,0,0,3,0,20,25
Waurn ponds,518ac2d3d0ab096240599d24a7c0131a43c0f00101f9013b8e290000000000c00205,2,5,5,1,1,9,1,20,44
Wedderburn,517a9164b1a8f3614059922f57f5a83542c0f00101f9011d412f0000000000c00207,0,4,1,1,0,1,1,20,28
Weir views,519198a086ef246240593eeaaf57585e42c0f00102f901ae157c0100000000c00201e203206f70656e7374726565746d61703a76656e75653a7761792f3234393039323330,0,0,2,0,1,0,1,20,24
Welshpool,5137058df4fd4d624059c3b414353d5543c0f00103f9014826980300000000c0020692030957656c7368706f6f6c,0,3,1,1,0,0,0,20,25
Wendouree,511826ee2474fa6140590a0f9a5df7c342c0f00101f901e8be2f0000000000c00206,3,17,6,1,3,20,8,17,75
Wendouree west,5190e85ecd30fa6140597ed1d4a189c342c0f00102f9019d75791e00000000c0020192030e57656e646f757265652057657374,4,20,20,6,10,20,20,20,120
Werribee,513acfd8972c1562405949a35de04df342c0f00101f9014518250000000000c00205,3,20,20,4,18,20,6,20,111
Werribee south,51942efd4b521662405924b891b245f842c0f00101f9014418250000000000c00205,0,3,2,3,0,0,0,20,28
Wesburn,51718e3a3aae3462405921c77b7a11e242c0f00101f901585f250000000000c00208,0,1,1,0,0,0,0,20,22
West bendigo,518c60f10ddc07624059d4449f8f326042c0f00101f9010e022f0000000000c00206,0,1,0,0,0,2,0,6,9
West footscray,518d85d7e4df1b624059e04499b278e642c0f00101f90160a9240000000000c00205,0,9,3,0,3,20,3,0,38
West melbourne,51c5bb6df08f1d6240597ade8d0585e742c0f00101f9019997240000000000c00205,0,20,2,1,5,20,20,15,83
West wodonga,51cea96400285b6240599b4649fe161042c0f00103f901d3f6bb9900000000c0020592030c5765737420576f646f6e6761,2,20,20,3,8,20,7,20,100
Westall,518869dfdc5fef614059aa61bf27d68142c0c0020a920308566963746f726961e2031b77686f736f6e66697273743a726567696f6e3a3835363831343937,0,0,0,0,0,1,0,3,4
Westgarth,514d5cd8e4fa1f624059e3f43f0ae8e342c0f00103f901102dcd0100000000c00201920309576573746761727468,20,20,20,20,20,20,20,20,160
Westmeadows,51d7eabcd79a1c62405929779fe3a3d642c0f00101f9018da5240000000000c00205,0,14,2,0,1,12,0,11,40
Wheelers hill,51a11001871026624059e5d6ff9485f442c0f00101f901a1a8240000000000c00205,2,13,10,2,6,20,1,10,64
White hills,51048cd3b5db0962405978f6f0c05b5d42c0f00103f9017c86381300000000c0020792030b57686974652048696c6c73,3,20,20,11,20,20,20,20,134
Whittington,512a9c93cd8b0c6240591fca6141ab1643c0f00101f901797a250000000000c00205,1,1,2,0,0,0,0,0,4
Whittlesea,5110e61b76c4236240590b66a77a8dc142c0f00101f9016af9240000000000c00207,0,7,3,3,1,19,0,20,53
Williams landing,511d0f6c4bd317624059cca6125443ee42c0f00101f9011601250000000000c00205,1,5,0,0,2,11,1,9,29
Williamstown,51d7732db5791c62405917015f1b3bee42c0f00101f901a1a9240000000000c00205,0,20,8,1,2,12,4,14,61
Williamstown north,516d0613dacd1b624059474b2f7b23ed42c0f00101f901efc6240000000000c00205,0,1,0,2,0,3,0,0,6
Willow grove,5147448c32b6456240598b338639410943c0f00101f90125ab270000000000c00208,0,1,1,0,0,0,0,20,22
Wimbledon heights,511903eb387e27624059f98c9f21773d43c0f00101f901ea77250000000000c00208,0,0,0,0,0,1,0,2,3
Winchelsea,51d624d3fc8cff6140594613ded4f61e43c0f00101f9013ab2290000000000c00207,0,5,1,0,1,1,0,20,28
Windsor,51fab5f5d3bf1f6240594518f5ff60ed42c0f00101f901cc8f240000000000c00205,0,20,5,0,2,10,1,0,38
Winter valley,517e5c668d6df9614059821ec59423ca42c0f00101f9016866b20000000000c00206,0,1,0,0,0,0,0,1,2
Wodonga,518bf3812e6b5c624059dff3684f6e0f42c0f00101f9011e47240000000000c00207,1,20,11,3,8,20,6,20,89
Wollert,512889db571421624059f0d709d407cc42c0f00101f9019d9a240000000000c00205,0,2,6,0,0,5,0,20,33
Wonga park,51d184dcfb8a28624059d09e268e97de42c0f00101f901d09d240000000000c00205,1,1,2,0,0,5,0,20,29
Wonthaggi,51aec6c848ec326240599066d1e05b4d43c0f00101f9016576280000000000c00207,2,19,9,4,18,20,12,20,104
Woodend,5186e1c8a817116240590c48b19245ad42c0f00101f901b772250000000000c00208,0,4,4,0,0,2,0,20,30
Woolamai waters,51a1a17f828b30624059ecbfce4d9b4143c0c00206e2032077686f736f6e66697273743a6c6f63616c61646d696e3a343034353430383337,0,0,1,0,0,0,0,20,21
Woori yallock,51177838cbf6306240593219332ec1e342c0f00101f901f01e250000000000c00208,0,4,1,0,1,5,1,20,32
Wurruk,513adb167ebf606240597edfbf79710e43c0f00101f90139d9270000000000c00206,0,0,1,0,0,0,0,7,8
Wy yung,514ab6ba9cd273624059e202d0285de742c0f00103f90151dc941f00000000c0020792030757792059756e67,0,20,14,4,2,1,5,20,66
Wycheproof,516c3299e04ae76140593c2de4b6220a42c0f00101f9018c572f0000000000c00207,0,2,1,1,1,2,0,20,27
Wyndham vale,5116fc36c4f8136240594555021885f142c0f00101f901d82d250000000000c00205,2,7,4,0,2,8,1,20,44
Yackandandah,518593d9c5d95a6240597b78e0ad3d2842c0f00103f90133829c0900000000c0020792030c5961636b616e64616e646168,0,3,2,0,0,1,1,20,27
Yallambie,51d10e6e21fe2262405900581d39d2dc42c0f00101f9015e58240000000000c00205,0,1,1,1,0,5,2,9,19
Yallourn north,51b30b06d79c4b6240598675e3dd911443c0f00103f901a67ca65f00000000c0020892030e59616c6c6f75726e204e6f727468,0,0,2,1,0,0,0,20,23
Yarra glen,51afb7280efb2b624059be4d7ff623d442c0f00101f9018ffb240000000000c00207,0,11,1,0,0,4,0,20,36
Yarra junction,519816f549ae33624059b5b7a51f1ee442c0f00101f901ea3a250000000000c00208,0,7,7,1,2,1,3,18,39
Yarragon,515caf44fbf341624059e3e4d940151a43c0f00103f9014d454a0300000000c002089203085961727261676f6e,0,5,1,1,0,1,0,15,23
Yarram,515419c6dda0556240595b4bb7dbe44743c0f00101f9017f18290000000000c00207,1,1,4,2,0,0,1,20,29
Yarraville,513f92edd7381c624059093b2064b4e842c0f00101f901b1a5240000000000c00205,0,20,5,1,6,20,17,16,85
Yarrawonga,512d2ba8033440624059244edd4bd00142c0f00101f901e562270000000000c00207,0,7,5,0,2,0,0,20,34
Yea,5192f249dd842d62405924004922459b42c0f00101f9013459250000000000c00207,0,20,4,1,2,0,10,20,57
Yinnar,51f37a8be2704a624059a7c013c48a2943c0f00103f9018cb115cd00000000c0020692030659696e6e6172,0,2,1,2,1,2,0,12,20
